3132,Tony Watson,Pirates,1,1,1,1,1,0,0,0,0,0,1.000,0,0,0,0,0,0,0,0,1.000
3599,Brian Schlitter,Cubs,1,1,1,1,1,0,0,0,0,0,1.000,0,0,0,0,0,0,0,0,1.000
4257,David Huff,Giants,1,1,1,1,1,0,0,0,0,0,1.000,0,0,0,0,0,0,0,0,1.000
5285,Samuel Deduno,Astros,1,1,1,1,0,1,0,0,0,0,1.000,0,0,0,0,0,0,0,0,1.000
9033,Jeanmar Gomez,Pirates,2,1,2,1,1,0,0,0,0,0,1.000,0,0,0,0,1,0,0,0,1.000
9904,Pedro Villarreal,Reds,1,1,1,1,1,0,0,0,0,0,1.000,0,0,0,0,0,0,0,0,1.000
10732,Drew Hutchison,Blue Jays,1,2,2,2,2,0,0,0,0,0,1.000,0,0,0,0,0,0,0,0,1.000
11855,Yordano Ventura,Royals,1,1,2,1,1,0,0,0,0,0,1.000,0,0,0,0,1,0,0,0,1.000
12321,Gus Schlosser,Braves,1,1,1,1,1,0,0,0,0,0,1.000,0,0,0,0,0,0,0,0,1.000
12988,Andrew Chafin,Diamondbacks,1,1,1,1,1,0,0,0,0,1,1.000,0,0,0,0,0,0,0,0,1.000
535,Brad Penny,Marlins,4,3,5,2,1,1,0,0,0,0,.667,0,0,0,0,2,0,0,0,.667
1259,Colby Lewis,Rangers,2,3,3,2,2,0,0,0,0,1,.667,0,0,0,0,0,0,0,0,.667
5114,Jeurys Familia,Mets,3,3,3,2,2,0,0,0,0,1,.667,0,0,0,0,0,0,0,0,.667
7274,Craig Stammen,Nationals,3,3,4,2,1,1,0,0,0,0,.667,0,0,0,0,1,0,0,0,.667
2881,Scott Sizemore,Yankees,5,8,8,5,3,2,0,0,0,4,.625,0,0,0,0,0,0,0,0,.625
1136,Carlos Rivero,Red Sox,3,6,6,3,1,2,0,0,0,0,.500,0,0,0,0,0,0,0,0,.500
1478,Felix Doubront,Cubs,1,2,2,1,1,0,0,0,0,0,.500,0,0,0,0,0,0,0,0,.500
2895,Zach McAllister,Indians,1,2,2,1,1,0,0,0,0,0,.500,0,0,0,0,0,1,0,0,.500
3284,Anibal Sanchez,Tigers,2,2,2,1,0,1,0,0,0,1,.500,0,0,0,0,0,0,0,0,.500
3543,Clay Buchholz,Red Sox,2,2,2,1,1,0,0,0,0,0,.500,0,0,0,0,0,0,0,0,.500
6329,John Danks,White Sox,1,2,2,1,1,0,0,0,0,0,.500,0,0,0,0,0,0,0,0,.500
10123,Kyle Gibson,Twins,2,2,2,1,1,0,0,0,0,0,.500,0,0,0,0,0,0,0,0,.500
11471,Dallas Beeler,Cubs,1,2,2,1,1,0,0,0,0,0,.500,0,0,0,0,0,0,0,0,.500
11486,Robbie Ray,Tigers,1,2,2,1,1,0,0,0,0,0,.500,0,0,0,0,0,0,0,0,.500
11716,Nick Tepesch,Rangers,1,2,2,1,1,0,0,0,0,0,.500,0,0,0,0,0,0,0,0,.500
11854,Steven Moya,Tigers,6,6,6,3,3,0,0,0,0,0,.500,0,0,0,0,0,0,0,0,.500
13152,Jorge Polanco,Twins,2,4,4,2,0,1,1,0,0,3,.500,0,0,0,0,0,0,0,0,.500
2161,Jason Kubel,Twins,14,21,21,10,8,2,0,0,0,8,.476,0,0,0,0,0,0,0,0,.476
9272,Chris Davis,Orioles,15,15,15,7,6,1,0,0,0,3,.467,0,0,0,0,0,0,0,0,.467
10059,Max Stassi,Astros,4,13,13,6,4,2,0,0,0,4,.462,0,0,0,0,0,0,0,0,.462
5408,Jake Smolinski,Rangers,23,59,59,27,22,5,0,0,0,7,.458,0,0,0,0,0,1,0,0,.458
2608,Jhoulys Chacin,Rockies,9,11,12,5,4,1,0,0,0,0,.455,0,0,0,0,1,0,0,0,.455
7595,Nick Evans,Diamondbacks,7,9,9,4,2,2,0,0,0,3,.444,0,0,0,0,0,0,0,0,.444
10607,Bryce Brentz,Red Sox,7,16,16,7,5,2,0,0,0,2,.438,0,0,0,0,0,0,0,0,.438
11608,Garin Cecchini,Red Sox,9,16,16,7,4,3,0,0,0,2,.438,0,0,0,0,0,0,0,0,.438
9744,Justin Bour,Marlins,21,37,37,16,14,2,0,0,0,8,.432,0,0,0,0,0,0,0,0,.432
10593,Joey Terdoslavich,Braves,6,7,7,3,1,2,0,0,0,2,.429,0,0,0,0,0,0,0,0,.429
11464,Gary Brown,Giants,4,7,7,3,3,0,0,0,0,1,.429,0,0,0,0,0,0,0,0,.429
49,Kyle Blanks,- - -,20,33,34,14,14,0,0,0,0,5,.424,0,0,0,1,0,3,0,0,.424
11763,Kyle Parker,Rockies,10,12,12,5,4,1,0,0,0,1,.417,0,0,0,0,0,0,0,0,.417
11391,Tyler Holt,Indians,24,46,47,19,17,2,0,0,0,2,.413,0,0,0,0,1,1,0,0,.413
5275,Francisco Cervelli,Yankees,44,102,102,42,30,11,1,0,0,9,.412,0,0,0,0,0,5,0,0,.412
4365,Scott Van Slyke,Dodgers,66,122,123,50,37,12,1,0,0,9,.410,0,0,0,1,0,3,0,0,.410
5235,Justin Turner,Dodgers,92,216,217,87,66,20,1,0,0,30,.403,0,0,0,1,0,6,0,0,.403
818,Jason Giambi,Indians,3,5,5,2,1,1,0,0,0,0,.400,0,0,0,0,0,1,0,0,.400
978,Bronson Arroyo,Diamondbacks,12,15,19,6,6,0,0,0,0,0,.400,0,0,0,0,4,0,0,0,.400
1636,Cliff Lee,Phillies,9,15,16,6,6,0,0,0,0,1,.400,0,0,0,0,1,0,0,0,.400
1638,Miguel Olivo,Dodgers,5,10,11,4,3,0,1,0,0,1,.400,0,0,0,1,0,1,0,0,.400
4518,Doug Bernier,Twins,4,5,5,2,2,0,0,0,0,0,.400,0,0,0,0,0,0,0,0,.400
5485,Jose Pirela,Yankees,7,20,20,8,5,1,2,0,0,3,.400,0,0,0,0,0,1,0,0,.400
7775,Daisuke Matsuzaka,Mets,7,5,10,2,2,0,0,0,0,1,.400,0,0,0,0,5,0,0,0,.400
9362,Adam Moore,Padres,5,5,5,2,1,1,0,0,0,1,.400,0,0,0,0,0,0,0,0,.400
9741,Ben Paulsen,Rockies,20,40,40,16,12,4,0,0,0,4,.400,0,0,0,0,0,1,0,0,.400
9922,Yorman Rodriguez,Reds,8,15,15,6,6,0,0,0,0,2,.400,0,0,0,0,0,0,0,0,.400
10322,Danny Santana,Twins,95,295,298,118,85,26,7,0,0,25,.400,0,0,0,1,2,3,0,0,.400
12235,Seth Maness,Cardinals,5,5,5,2,2,0,0,0,0,0,.400,0,0,0,0,0,0,0,0,.400
9328,Drew Stubbs,Rockies,111,233,238,93,69,20,4,0,0,17,.399,0,0,0,3,2,4,0,0,.399
6184,J.D. Martinez,Tigers,112,279,285,111,79,29,3,0,0,37,.398,0,0,0,6,0,8,0,0,.398
13757,Chris Taylor,Mariners,39,93,95,37,29,8,0,0,0,7,.398,0,0,0,1,1,3,0,0,.398
2832,Rafael Ynoa,Rockies,17,58,58,23,16,6,1,0,0,13,.397,0,0,0,0,0,1,0,0,.397
5524,Madison Bumgarner,Giants,27,33,42,13,11,2,0,0,0,4,.394,0,0,0,1,8,0,0,0,.394
3441,Nolan Reimold,- - -,19,28,31,11,6,5,0,0,0,7,.393,0,0,0,3,0,0,0,0,.393
6178,Tony Sanchez,Pirates,22,44,45,17,16,1,0,0,0,9,.386,0,0,0,1,0,0,0,0,.386
4972,Cole Hamels,Phillies,25,34,41,13,11,2,0,0,0,0,.382,0,0,0,0,7,0,0,0,.382
8027,Adam Lind,Blue Jays,75,131,131,50,35,14,1,0,0,14,.382,0,0,0,0,0,6,0,0,.382
9077,Lorenzo Cain,Royals,126,345,347,131,100,27,4,0,0,37,.380,0,0,0,2,0,9,0,0,.380
1875,Josh Hamilton,Angels,52,87,90,33,27,6,0,0,0,18,.379,0,0,0,3,0,2,0,0,.379
2900,Roberto Perez,Indians,26,58,63,22,17,5,0,0,0,2,.379,0,0,0,0,5,2,0,0,.379
1767,Kevin Correia,- - -,5,8,8,3,2,1,0,0,0,1,.375,0,0,0,0,0,0,0,0,.375
6908,Clint Robinson,Dodgers,6,8,8,3,3,0,0,0,0,2,.375,0,0,0,0,0,0,0,0,.375
7409,Xavier Scruggs,Cardinals,5,8,8,3,2,1,0,0,0,2,.375,0,0,0,0,0,0,0,0,.375
9629,Shawn O'Malley,Angels,5,8,8,3,3,0,0,0,0,1,.375,0,0,0,0,0,0,0,0,.375
14221,Jorge Soler,Cubs,23,48,50,18,11,6,1,0,0,11,.375,0,0,0,2,0,3,0,0,.375
15467,Marco Gonzales,Cardinals,6,8,10,3,1,2,0,0,0,0,.375,0,0,0,0,2,0,0,0,.375
5432,Elian Herrera,Brewers,45,99,101,37,29,7,1,0,0,5,.374,0,0,0,1,1,2,0,0,.374
7620,Justin Ruggiano,Cubs,68,142,147,53,39,13,1,0,0,17,.373,0,0,0,4,1,2,0,0,.373
454,Juan Uribe,Dodgers,102,286,288,106,84,22,0,0,0,37,.371,0,0,0,2,0,15,0,0,.371
10346,John Ryan Murphy,Yankees,25,54,54,20,16,4,0,0,0,5,.370,0,0,0,0,0,0,0,0,.370
1744,Miguel Cabrera,Tigers,153,403,414,149,98,50,1,0,0,62,.370,0,0,0,10,1,21,0,0,.370
1841,Edwin Jackson,Cubs,18,19,23,7,5,2,0,0,0,0,.368,0,0,0,0,4,0,0,0,.368
2539,Pete Kozma,Cardinals,10,19,19,7,4,3,0,0,0,0,.368,0,0,0,0,0,0,0,0,.368
2591,Michael Taylor,White Sox,11,19,19,7,6,1,0,0,0,0,.368,0,0,0,0,0,0,0,0,.368
5422,Steve Lombardozzi,Orioles,18,57,57,21,19,1,1,0,0,2,.368,0,0,0,0,0,1,0,0,.368
13132,Andrew Susac,Giants,27,57,57,21,13,8,0,0,0,13,.368,0,0,0,0,0,0,0,0,.368
3878,Chris Stewart,Pirates,45,109,111,40,35,5,0,0,0,8,.367,0,0,0,0,2,2,0,0,.367
2154,Ryan Howard,Phillies,25,30,30,11,9,2,0,0,0,8,.367,0,0,0,0,0,2,0,0,.367
9218,Paul Goldschmidt,Diamondbacks,103,265,267,97,60,36,1,0,0,34,.366,0,0,0,2,0,10,0,0,.366
11145,Christian Colon,Royals,17,41,42,15,9,5,1,0,0,5,.366,0,0,0,0,1,1,0,0,.366
11579,Bryce Harper,Nationals,93,227,231,83,71,10,2,0,0,11,.366,0,0,0,1,3,6,0,0,.366
9241,Starling Marte,Pirates,125,345,345,126,92,28,6,0,0,31,.365,0,0,0,0,0,5,0,0,.365
629,Brandon Barnes,Rockies,100,184,189,67,46,17,4,0,0,14,.364,0,0,0,0,5,11,0,0,.364
5631,Matt Kemp,Dodgers,128,316,321,115,78,34,3,0,0,47,.364,0,0,0,5,0,21,0,0,.364
3531,Troy Tulowitzki,Rockies,82,209,213,76,59,16,1,0,0,21,.364,0,0,0,4,0,3,0,0,.364
4885,Nyjer Morgan,Indians,12,33,36,12,11,1,0,0,0,3,.364,0,0,0,0,3,0,0,0,.364
6400,Kirk Nieuwenhuis,Mets,36,66,68,24,10,13,1,0,0,9,.364,0,0,0,2,0,1,0,0,.364
7476,Alex Avila,Tigers,55,77,79,28,23,5,0,0,0,15,.364,0,0,0,1,1,5,0,0,.364
10185,Jacob Turner,- - -,11,11,16,4,2,2,0,0,0,0,.364,0,0,0,0,5,0,0,0,.364
10197,Shelby Miller,Cardinals,24,22,34,8,4,4,0,0,0,2,.364,0,0,0,0,12,1,0,0,.364
9847,Andrew McCutchen,Pirates,134,334,338,121,86,30,5,0,0,36,.362,0,0,0,4,0,9,0,0,.362
15676,Jose Abreu,White Sox,138,359,363,130,95,33,2,0,0,42,.362,0,0,0,4,0,14,0,0,.362
10762,Corey Dickerson,Rockies,119,308,312,111,78,27,6,0,0,40,.360,0,0,0,4,0,6,0,0,.360
10155,Mike Trout,Angels,148,358,364,129,84,36,9,0,0,47,.360,0,0,0,6,0,5,0,0,.360
9628,Michael McKenry,Rockies,50,114,115,41,32,9,0,0,0,7,.360,0,0,0,0,1,6,0,0,.360
11205,Adam Eaton,White Sox,123,398,402,143,107,26,10,0,0,32,.359,0,0,0,2,2,4,0,0,.359
4062,Dexter Fowler,Astros,114,309,310,111,86,21,4,0,0,24,.359,0,0,0,0,1,6,0,0,.359
6938,Eric Campbell,Mets,69,131,134,47,38,9,0,0,0,10,.359,0,0,0,3,0,5,0,0,.359
4298,Matt Wieters,Orioles,22,53,55,19,14,5,0,0,0,9,.358,0,0,0,2,0,1,0,0,.358
5361,Freddie Freeman,Braves,128,293,294,105,71,31,3,0,0,35,.358,0,0,0,1,0,15,0,0,.358
5417,Jose Altuve,Astros,158,592,595,212,164,45,3,0,0,36,.358,0,0,0,2,1,20,0,0,.358
1066,Willie Bloomquist,Mariners,40,98,100,35,30,5,0,0,0,10,.357,0,0,0,1,1,1,0,0,.357
1556,Wil Nieves,Phillies,35,84,87,30,22,8,0,0,0,6,.357,0,0,0,1,2,2,0,0,.357
3812,Gregorio Petit,Astros,32,70,70,25,17,8,0,0,0,5,.357,0,0,0,0,0,1,0,0,.357
17016,Rusney Castillo,Red Sox,10,28,28,10,9,1,0,0,0,1,.357,0,0,0,0,0,0,0,0,.357
3035,Michael Morse,Giants,123,292,296,104,69,32,3,0,0,37,.356,0,0,0,4,0,19,0,0,.356
1534,Michael Cuddyer,Rockies,48,149,150,53,37,15,1,0,0,16,.356,0,0,0,1,0,5,0,0,.356
5481,Jimmy Paredes,- - -,21,45,45,16,12,4,0,0,0,6,.356,0,0,0,0,0,1,0,0,.356
13836,Matt Duffy,Giants,26,45,46,16,14,2,0,0,0,8,.356,0,0,0,0,1,1,0,0,.356
5227,Jon Jay,Cardinals,130,321,327,114,97,14,3,0,0,31,.355,0,0,0,4,2,16,0,0,.355
11477,Christian Yelich,Marlins,142,431,436,153,117,30,6,0,0,36,.355,0,0,0,2,3,9,0,0,.355
1849,Rickie Weeks Jr.,Brewers,85,164,164,58,39,18,1,0,0,13,.354,0,0,0,0,0,7,0,0,.354
12434,Kevin Pillar,Blue Jays,37,82,83,29,20,9,0,0,0,4,.354,0,0,0,1,0,3,0,0,.354
8202,Josh Harrison,Pirates,130,425,428,150,105,38,7,0,0,32,.353,0,0,0,1,2,6,0,0,.353
9134,Tyler Flowers,White Sox,109,213,214,75,60,14,1,0,0,19,.352,0,0,0,0,1,10,0,0,.352
14225,Yasiel Puig,Dodgers,140,407,410,143,100,36,7,0,0,35,.351,0,0,0,1,2,7,0,0,.351
950,Marlon Byrd,Phillies,147,362,365,127,97,28,2,0,0,51,.351,0,0,0,3,0,6,0,0,.351
11167,Josh Rutledge,Rockies,89,217,224,76,54,15,7,0,0,19,.350,0,0,0,2,5,6,0,0,.350
9345,Brock Holt,Red Sox,103,323,331,113,88,20,5,0,0,21,.350,0,0,0,3,5,6,0,0,.350
10294,Adrian Nieto,White Sox,37,66,69,23,18,5,0,0,0,5,.348,0,0,0,0,3,3,0,0,.348
1101,Ichiro Suzuki,Yankees,113,287,291,100,85,13,2,0,0,18,.348,0,0,0,2,2,3,0,0,.348
8267,Chris Iannetta,Angels,87,181,182,63,45,18,0,0,0,27,.348,0,0,0,1,0,1,0,0,.348
3086,Mitch Moreland,Rangers,32,69,71,24,16,7,1,0,0,11,.348,0,0,0,1,1,5,0,0,.348
8380,Reid Brignac,Phillies,23,46,47,16,10,5,1,0,0,5,.348,0,0,0,0,1,2,0,0,.348
8203,Dee Gordon,Dodgers,146,489,495,170,135,23,12,0,0,26,.348,0,0,0,3,3,3,0,0,.348
4229,Howie Kendrick,Angels,156,493,496,171,134,32,5,0,0,58,.347,0,0,0,0,3,15,0,0,.347
2140,Delmon Young,Orioles,71,173,173,60,48,11,1,0,0,13,.347,0,0,0,0,0,6,0,0,.347
6364,Danny Valencia,- - -,76,156,160,54,39,14,1,0,0,22,.346,0,0,0,4,0,8,0,0,.346
9187,Jordan Danks,White Sox,27,52,53,18,17,1,0,0,0,4,.346,0,0,0,1,0,0,0,0,.346
3353,Matt Joyce,Rays,93,165,171,57,41,14,2,0,0,23,.345,0,0,0,6,0,5,0,0,.345
6878,Chris Coghlan,Cubs,114,290,293,100,67,28,5,0,0,24,.345,0,0,0,0,3,5,0,0,.345
639,Adrian Beltre,Rangers,142,412,414,142,112,29,1,0,0,43,.345,0,0,0,2,0,15,0,0,.345
11846,Leonys Martin,Rangers,148,392,400,135,115,13,7,0,0,28,.344,0,0,0,2,6,4,0,0,.344
1327,Jayson Werth,Nationals,141,395,396,136,98,37,1,0,0,47,.344,0,0,0,1,0,9,0,0,.344
906,Eric Chavez,Diamondbacks,22,32,33,11,8,2,1,0,0,4,.344,0,0,0,1,0,1,0,0,.344
5995,Kevin Kouzmanoff,Rangers,12,32,32,11,6,5,0,0,0,7,.344,0,0,0,0,0,2,0,0,.344
2918,Angel Pagan,Giants,95,326,329,112,89,21,2,0,0,21,.344,0,0,0,2,1,5,0,0,.344
1191,Chris Johnson,Braves,148,405,409,139,112,27,0,0,0,39,.343,0,0,0,2,2,23,0,0,.343
9981,Michael Saunders,Mariners,63,143,148,49,35,11,3,0,0,17,.343,0,0,0,3,2,1,0,0,.343
12101,Kennys Vargas,Twins,48,108,112,37,28,8,1,0,0,21,.343,0,0,0,4,0,5,0,0,.343
1845,Jonny Gomes,- - -,78,146,151,50,43,7,0,0,0,20,.342,0,0,0,5,0,5,0,0,.342
3269,Robinson Cano,Mariners,155,482,485,165,126,37,2,0,0,49,.342,0,0,0,3,0,19,0,0,.342
10053,Grant Green,Angels,35,76,78,26,21,5,0,0,0,9,.342,0,0,0,2,0,3,0,0,.342
11936,Joe Panik,Giants,70,231,232,79,67,10,2,0,0,12,.342,0,0,0,0,1,4,0,0,.342
4881,Carlos Gomez,Brewers,142,398,401,136,98,34,4,0,0,35,.342,0,0,0,2,1,11,0,0,.342
5384,Juan Lagares,Mets,107,322,331,110,84,23,3,0,0,35,.342,0,0,0,6,3,6,0,0,.342
2136,David Peralta,Diamondbacks,84,246,248,84,63,12,9,0,0,22,.341,0,0,0,1,1,9,0,0,.341
10324,Marcell Ozuna,Marlins,148,372,375,127,96,26,5,0,0,39,.341,0,0,0,3,0,12,0,0,.341
9256,A.J. Pollock,Diamondbacks,69,208,209,71,46,19,6,0,0,11,.341,0,0,0,0,1,4,0,0,.341
7532,Ed Lucas,Marlins,57,129,131,44,39,5,0,0,0,7,.341,0,0,0,0,2,4,0,0,.341
6962,Ryan Kalish,Cubs,50,88,89,30,22,4,4,0,0,5,.341,0,0,0,0,1,3,0,0,.341
9627,Yan Gomes,Indians,126,308,314,105,79,24,2,0,0,36,.341,0,0,0,6,0,13,0,0,.341
12294,Cory Spangenberg,Padres,18,44,45,15,12,2,1,0,0,5,.341,0,0,0,0,1,1,0,0,.341
1737,Justin Morneau,Rockies,124,355,363,121,89,29,3,0,0,46,.341,0,0,0,8,0,5,0,0,.341
5306,Kristopher Negron,Reds,44,97,98,33,22,10,1,0,0,7,.340,0,0,0,0,1,2,0,0,.340
7095,Chris Dickerson,Indians,26,53,55,18,14,4,0,0,0,3,.340,0,0,0,0,2,2,0,0,.340
4450,Steve Tolleson,Blue Jays,65,112,117,38,30,7,1,0,0,9,.339,0,0,0,1,4,3,0,0,.339
2090,Alex Rios,Rangers,127,375,379,127,90,29,8,0,0,45,.339,0,0,0,4,0,18,0,0,.339
1201,Carl Crawford,Dodgers,99,275,278,93,76,14,3,0,0,28,.338,0,0,0,3,0,5,0,0,.338
11339,Jake Marisnick,- - -,60,148,152,50,43,7,0,0,0,10,.338,0,0,0,2,2,2,0,0,.338
9549,David Freese,Angels,127,314,317,106,81,24,1,0,0,31,.338,0,0,0,3,0,9,0,0,.338
9957,Steve Pearce,Orioles,69,157,157,53,36,17,0,0,0,11,.338,0,0,0,0,0,4,0,0,.338
9848,Austin Jackson,- - -,149,437,445,147,111,30,6,0,0,35,.336,0,0,0,7,1,15,0,0,.336
5222,Justin Upton,Braves,146,354,359,119,83,34,2,0,0,44,.336,0,0,0,5,0,10,0,0,.336
6086,Casey McGehee,Marlins,159,496,500,166,138,27,1,0,0,58,.335,0,0,0,4,0,30,0,0,.335
5450,Daniel Nava,Red Sox,104,257,259,86,68,18,0,0,0,27,.335,0,0,0,2,0,4,0,0,.335
1857,Joe Mauer,Twins,113,317,319,106,80,24,2,0,0,37,.334,0,0,0,2,0,12,0,0,.334
6387,Michael Bourn,Indians,105,317,320,106,79,17,10,0,0,21,.334,0,0,0,0,3,5,0,0,.334
6153,Eduardo Escobar,Twins,122,329,335,110,74,34,2,0,0,26,.334,0,0,0,2,4,6,0,0,.334
209,Antoan Richardson,Yankees,7,12,12,4,4,0,0,0,0,0,.333,0,0,0,0,0,0,0,0,.333
607,Raul Ibanez,- - -,27,36,36,12,9,2,1,0,0,7,.333,0,0,0,0,0,1,0,0,.333
1397,Jason Lane,Padres,2,3,3,1,1,0,0,0,0,0,.333,0,0,0,0,0,0,0,0,.333
1829,Koyie Hill,Phillies,6,15,15,5,4,1,0,0,0,1,.333,0,0,0,0,0,0,0,0,.333
2429,Corey Kluber,Indians,3,3,4,1,1,0,0,0,0,0,.333,0,0,0,0,1,0,0,0,.333
2586,Wandy Rodriguez,Pirates,5,6,6,2,2,0,0,0,0,0,.333,0,0,0,0,0,0,0,0,.333
2929,Jeff Locke,Pirates,12,15,18,5,5,0,0,0,0,0,.333,0,0,0,0,3,0,0,0,.333
3473,Anthony Rizzo,Cubs,85,165,168,55,42,13,0,0,0,19,.333,0,0,0,3,0,5,0,0,.333
3886,Gavin Floyd,Braves,5,6,6,2,2,0,0,0,0,0,.333,0,0,0,0,0,0,0,0,.333
4026,Hector Santiago,Angels,2,3,4,1,1,0,0,0,0,0,.333,0,0,0,0,1,0,0,0,.333
4579,Starlin Castro,Cubs,133,399,401,133,99,33,1,0,0,36,.333,0,0,0,2,0,18,0,0,.333
4779,Rymer Liriano,Padres,31,69,70,23,21,2,0,0,0,4,.333,0,0,0,1,0,6,0,0,.333
4793,Travis Ishikawa,- - -,39,69,71,23,19,4,0,0,0,12,.333,0,0,0,2,0,3,0,0,.333
5491,Austin Romine,Yankees,5,9,9,3,2,1,0,0,0,1,.333,0,0,0,0,0,0,0,0,.333
6827,Justin Maxwell,Royals,13,18,19,6,5,1,0,0,0,3,.333,0,0,0,1,0,0,0,0,.333
7059,James Shields,Royals,3,6,6,2,1,1,0,0,0,1,.333,0,0,0,0,0,0,0,0,.333
7250,Collin Cowgill,Angels,78,174,176,58,47,10,1,0,0,13,.333,0,0,0,0,2,4,0,0,.333
7942,Christian Friedrich,Rockies,2,3,3,1,1,0,0,0,0,0,.333,0,0,0,0,0,0,0,0,.333
8223,Brett Anderson,Rockies,6,6,7,2,0,2,0,0,0,1,.333,0,0,0,0,1,0,0,0,.333
8700,Justin Verlander,Tigers,3,6,7,2,2,0,0,0,0,0,.333,0,0,0,0,1,0,0,0,.333
8760,Carlos Peguero,Royals,3,3,3,1,1,0,0,0,0,1,.333,0,0,0,0,0,0,0,0,.333
9266,Daniel Corcino,Reds,3,3,5,1,1,0,0,0,0,0,.333,0,0,0,0,2,0,0,0,.333
9929,Darin Ruf,Phillies,36,60,63,20,12,8,0,0,0,4,.333,0,0,0,2,1,2,0,0,.333
9959,Alex Hassan,Red Sox,2,3,3,1,1,0,0,0,0,0,.333,0,0,0,0,0,0,0,0,.333
10620,Donn Roach,Padres,3,3,3,1,0,1,0,0,0,0,.333,0,0,0,0,0,0,0,0,.333
11251,Andy Wilkins,White Sox,8,15,15,5,3,2,0,0,0,1,.333,0,0,0,0,0,1,0,0,.333
11489,Michael Taylor,Nationals,11,21,21,7,4,3,0,0,0,3,.333,0,0,0,0,0,1,0,0,.333
11602,Carlos Sanchez,White Sox,27,75,76,25,20,5,0,0,0,5,.333,0,0,0,1,0,1,0,0,.333
11739,J.T. Realmuto,Marlins,8,21,21,7,5,1,1,0,0,9,.333,0,0,0,0,0,2,0,0,.333
12409,Ryan Rua,Rangers,27,84,84,28,22,6,0,0,0,9,.333,0,0,0,0,0,6,0,0,.333
12515,Taylor Hill,Nationals,2,3,3,1,1,0,0,0,0,0,.333,0,0,0,0,0,0,0,0,.333
13074,Yu Darvish,Rangers,2,3,3,1,0,1,0,0,0,0,.333,0,0,0,0,0,0,0,0,.333
15809,Erisbel Arruebarrena,Dodgers,13,24,25,8,7,1,0,0,0,4,.333,0,0,0,1,0,1,0,0,.333
4616,Russell Martin,Pirates,107,281,285,93,74,19,0,0,0,38,.331,0,0,0,2,2,15,0,0,.331
4712,Ben Revere,Phillies,150,547,553,181,161,13,7,0,0,23,.331,0,0,0,0,6,11,0,0,.331
8001,Hanley Ramirez,Dodgers,120,336,336,111,78,33,0,0,0,50,.330,0,0,0,0,0,10,0,0,.330
8347,Denard Span,Nationals,145,533,537,176,129,39,8,0,0,26,.330,0,0,0,2,2,6,0,0,.330
4106,Michael Brantley,Indians,156,509,512,168,123,43,2,0,0,58,.330,0,0,0,3,0,16,0,0,.330
10953,Phil Gosselin,Braves,40,100,101,33,29,4,0,0,0,1,.330,0,0,0,0,1,1,0,0,.330
13047,Munenori Kawasaki,Blue Jays,79,188,196,62,54,7,1,0,0,16,.330,0,0,0,0,8,3,0,0,.330
9009,Conor Gillaspie,White Sox,121,340,343,112,78,29,5,0,0,38,.329,0,0,0,3,0,4,0,0,.329
13611,Mookie Betts,Red Sox,51,152,153,50,37,12,1,0,0,8,.329,0,0,0,0,1,2,0,0,.329
4243,Jose Lobaton,Nationals,59,146,146,48,39,9,0,0,0,9,.329,0,0,0,0,0,5,0,0,.329
5497,Marwin Gonzalez,Astros,82,219,223,72,56,15,1,0,0,16,.329,0,0,0,0,4,6,0,0,.329
10339,Scooter Gennett,Brewers,121,356,366,117,83,31,3,0,0,40,.329,0,0,0,3,7,11,0,0,.329
4949,Giancarlo Stanton,Marlins,122,268,270,88,64,23,1,0,0,31,.328,0,0,0,2,0,15,0,0,.328
6310,Alcides Escobar,Royals,161,485,495,159,120,34,5,0,0,38,.328,0,0,0,2,8,12,0,0,.328
10459,Adeiny Hechavarria,Marlins,145,449,458,147,117,20,10,0,0,32,.327,0,0,0,5,4,21,0,0,.327
9048,Ezequiel Carrera,Tigers,21,55,55,18,13,4,1,0,0,2,.327,0,0,0,0,0,2,0,0,.327
8090,Matt Carpenter,Cardinals,153,444,450,145,114,30,1,0,0,35,.327,0,0,0,4,2,3,0,0,.327
2411,Jose Tabata,Pirates,71,147,149,48,41,5,2,0,0,16,.327,0,0,0,2,0,12,0,0,.327
11737,Nick Castellanos,Tigers,141,362,369,118,86,28,4,0,0,41,.326,0,0,0,7,0,7,0,0,.326
5209,Alex Gordon,Royals,123,270,274,88,61,26,1,0,0,27,.326,0,0,0,4,0,8,0,0,.326
4220,Ryan Zimmerman,Nationals,59,169,173,55,35,19,1,0,0,29,.325,0,0,0,4,0,6,0,0,.325
7324,Chris Gimenez,- - -,32,83,83,27,17,10,0,0,0,10,.325,0,0,0,0,0,3,0,0,.325
9682,Adam Rosales,Rangers,49,114,114,37,30,7,0,0,0,10,.325,0,0,0,0,0,5,0,0,.325
2073,Jeff Baker,Marlins,74,148,151,48,35,10,3,0,0,20,.324,0,0,0,3,0,8,0,0,.324
6885,Ian Desmond,Nationals,151,374,376,121,93,25,3,0,0,45,.324,0,0,0,2,0,16,0,0,.324
3787,David Wright,Mets,132,402,405,130,99,30,1,0,0,43,.323,0,0,0,3,0,22,0,0,.323
4316,Daniel Murphy,Mets,142,492,496,159,120,37,2,0,0,33,.323,0,0,0,4,0,15,0,0,.323
7870,Jonathan Lucroy,Brewers,152,489,491,158,106,50,2,0,0,43,.323,0,0,0,2,0,13,0,0,.323
5097,Anthony Gose,Blue Jays,75,161,165,52,43,8,1,0,0,9,.323,0,0,0,0,4,9,0,0,.323
9166,Buster Posey,Giants,142,449,457,145,115,28,2,0,0,54,.323,0,0,0,8,0,16,0,0,.323
2437,Maicer Izturis,Blue Jays,10,31,32,10,9,1,0,0,0,1,.323,0,0,0,0,1,0,0,0,.323
2502,Lucas Duda,Mets,64,93,95,30,24,6,0,0,0,16,.323,0,0,0,2,0,6,0,0,.323
4054,Emilio Bonifacio,- - -,98,304,309,98,77,17,4,0,0,15,.322,0,0,0,0,5,2,0,0,.322
5310,Tyler Colvin,Giants,45,90,91,29,16,10,3,0,0,16,.322,0,0,0,1,0,3,0,0,.322
10028,Christian Bethancourt,Braves,30,87,87,28,25,3,0,0,0,9,.322,0,0,0,0,0,3,0,0,.322
2636,Brandon Guyer,Rays,84,199,206,64,49,14,1,0,0,19,.322,0,0,0,0,7,3,0,0,.322
4866,Jarrod Dyson,Royals,87,199,207,64,56,4,4,0,0,16,.322,0,0,0,2,6,5,0,0,.322
9219,Danny Espinosa,Nationals,96,199,199,64,47,14,3,0,0,13,.322,0,0,0,0,0,5,0,0,.322
3057,Mike Napoli,Red Sox,95,196,197,63,52,11,0,0,0,21,.321,0,0,0,1,0,12,0,0,.321
9767,James Jones,Mariners,87,243,247,78,64,9,5,0,0,9,.321,0,0,0,0,4,4,0,0,.321
7859,Charlie Blackmon,Rockies,146,471,482,151,121,27,3,0,0,44,.321,0,0,0,5,6,3,0,0,.321
5887,John Jaso,Athletics,78,181,182,58,39,17,2,0,0,26,.320,0,0,0,1,0,4,0,0,.320
9874,DJ LeMahieu,Rockies,141,384,392,123,105,15,3,0,0,29,.320,0,0,0,1,7,13,0,0,.320
12797,Dalton Pompey,Blue Jays,11,25,25,8,5,1,2,0,0,3,.320,0,0,0,0,0,0,0,0,.320
3797,J.J. Hardy,Orioles,141,397,404,127,101,26,0,0,0,32,.320,0,0,0,4,3,12,0,0,.320
1760,Cody Ross,Diamondbacks,72,147,148,47,39,8,0,0,0,10,.320,0,0,0,1,0,3,0,0,.320
11493,Manny Machado,Orioles,81,241,244,77,63,14,0,0,0,9,.320,0,0,0,1,2,13,0,0,.320
4022,Melky Cabrera,Blue Jays,138,470,476,150,114,33,3,0,0,42,.319,0,0,0,4,2,19,0,0,.319
13153,Luis Sardinas,Rangers,39,94,97,30,24,6,0,0,0,8,.319,0,0,0,0,3,5,0,0,.319
5225,Roger Kieschnick,Diamondbacks,15,22,22,7,6,1,0,0,0,1,.318,0,0,0,0,0,0,0,0,.318
3708,Rajai Davis,Tigers,121,368,373,117,88,27,2,0,0,27,.318,0,0,0,2,3,7,0,0,.318
7571,Lonnie Chisenhall,Indians,134,343,347,109,80,28,1,0,0,28,.318,0,0,0,1,3,8,0,0,.318
8252,Hunter Pence,Giants,160,485,487,154,116,28,10,0,0,42,.318,0,0,0,2,0,13,0,0,.318
3371,Alejandro De Aza,- - -,132,337,342,107,77,23,7,0,0,22,.318,0,0,0,2,3,7,0,0,.318
8841,Ramiro Pena,Braves,54,104,109,33,27,6,0,0,0,4,.317,0,0,0,1,4,0,0,0,.317
6266,Daniel Robertson,Rangers,56,145,148,46,36,9,1,0,0,19,.317,0,0,0,1,2,3,0,0,.317
9571,Craig Gentry,Athletics,79,186,188,59,52,6,1,0,0,11,.317,0,0,0,0,2,2,0,0,.317
11200,Kole Calhoun,Angels,118,357,360,113,79,31,3,0,0,27,.317,0,0,0,1,2,5,0,0,.317
1002,Aramis Ramirez,Brewers,125,376,379,119,95,23,1,0,0,42,.316,0,0,0,3,0,17,0,0,.316
10556,Cesar Hernandez,Phillies,47,79,81,25,23,2,0,0,0,2,.316,0,0,0,1,1,1,0,0,.316
11385,Matt den Dekker,Mets,50,117,117,37,26,11,0,0,0,6,.316,0,0,0,0,0,1,0,0,.316
10243,Randal Grichuk,Cardinals,35,73,74,23,16,6,1,0,0,4,.315,0,0,0,0,1,4,0,0,.315
5343,Brandon Crawford,Giants,145,346,354,109,79,20,10,0,0,45,.315,0,0,0,6,2,4,0,0,.315
3707,Geovany Soto,- - -,22,54,55,17,11,6,0,0,0,8,.315,0,0,0,0,1,6,0,0,.315
5254,Robbie Grossman,Astros,98,248,252,78,62,14,2,0,0,24,.315,0,0,0,1,3,7,0,0,.315
9205,Logan Morrison,Mariners,70,159,161,50,36,14,0,0,0,15,.314,0,0,0,2,0,5,0,0,.314
2498,Jemile Weeks,- - -,12,35,38,11,7,3,1,0,0,3,.314,0,0,0,1,2,1,0,0,.314
731,Torii Hunter,Tigers,139,433,438,136,102,32,2,0,0,56,.314,0,0,0,5,0,17,0,0,.314
10264,Brandon Belt,Giants,44,102,102,32,26,6,0,0,0,6,.314,0,0,0,0,0,3,0,0,.314
6265,Andre Ethier,Dodgers,101,252,253,79,56,17,6,0,0,31,.313,0,0,0,0,1,5,0,0,.313
1736,Jose Reyes,Blue Jays,143,520,524,163,126,33,4,0,0,32,.313,0,0,0,2,2,4,0,0,.313
7399,Billy Butler,Royals,147,431,439,135,103,32,0,0,0,48,.313,0,0,0,8,0,21,0,0,.313
12861,Anthony Rendon,Nationals,153,479,483,150,108,36,6,0,0,39,.313,0,0,0,2,2,11,0,0,.313
10030,Chris Owings,Diamondbacks,86,230,233,72,51,15,6,0,0,14,.313,0,0,0,1,2,4,0,0,.313
3312,Martin Prado,- - -,139,438,441,137,108,25,4,0,0,38,.313,0,0,0,3,0,20,0,0,.313
11997,Cody Asche,Phillies,113,275,279,86,61,25,0,0,0,25,.313,0,0,0,1,3,7,0,0,.313
2578,Peter Bourjos,Cardinals,85,176,182,55,41,9,5,0,0,15,.313,0,0,0,1,5,5,0,0,.313
10954,Jacob deGrom,Mets,20,32,37,10,8,2,0,0,0,2,.313,0,0,0,0,5,2,0,0,.313
8709,Elvis Andrus,Rangers,156,516,529,161,125,35,1,0,0,33,.312,0,0,0,5,8,21,0,0,.312
8259,Kurt Suzuki,Twins,128,398,403,124,91,33,0,0,0,49,.312,0,0,0,4,1,9,0,0,.312
12552,Eugenio Suarez,Tigers,71,167,172,52,42,9,1,0,0,15,.311,0,0,0,1,4,3,0,0,.311
1926,Scott Hairston,Nationals,34,45,45,14,10,4,0,0,0,2,.311,0,0,0,0,0,2,0,0,.311
5557,Jarrod Saltalamacchia,Marlins,67,119,123,37,26,11,0,0,0,17,.311,0,0,0,4,0,9,0,0,.311
13075,Nori Aoki,Royals,127,431,440,134,108,21,5,0,0,31,.311,0,0,0,1,8,5,0,0,.311
8418,Ehire Adrianza,Giants,39,74,77,23,17,6,0,0,0,5,.311,0,0,0,1,2,2,0,0,.311
2714,Garrett Jones,Marlins,93,177,180,55,35,19,1,0,0,22,.311,0,0,0,3,0,7,0,0,.311
3174,Shin-Soo Choo,Rangers,108,264,268,82,66,15,1,0,0,22,.311,0,0,0,4,0,8,0,0,.311
9431,Jake Goebbert,Padres,36,58,58,18,14,1,3,0,0,9,.310,0,0,0,0,0,0,0,0,.310
3395,Cliff Pennington,Diamondbacks,57,139,140,43,35,5,3,0,0,7,.309,0,0,0,0,1,1,0,0,.309
4922,Ender Inciarte,Diamondbacks,108,359,363,111,91,18,2,0,0,19,.309,0,0,0,0,4,3,0,0,.309
3516,Eric Hosmer,Royals,115,330,332,102,75,26,1,0,0,30,.309,0,0,0,2,0,11,0,0,.309
7007,Yadier Molina,Cardinals,109,337,342,104,83,21,0,0,0,24,.309,0,0,0,4,1,14,0,0,.309
3123,Gregor Blanco,Giants,126,308,314,95,71,18,6,0,0,27,.308,0,0,0,1,5,4,0,0,.308
3448,Jeff Mathis,Marlins,51,107,112,33,26,7,0,0,0,7,.308,0,0,0,0,5,2,0,0,.308
1617,Lyle Overbay,Brewers,66,120,120,37,28,9,0,0,0,14,.308,0,0,0,0,0,8,0,0,.308
9883,Jordan Schafer,- - -,81,159,167,49,39,9,1,0,0,12,.308,0,0,0,0,8,1,0,0,.308
5409,Pablo Sandoval,Giants,155,474,480,146,117,26,3,0,0,41,.308,0,0,0,6,0,16,0,0,.308
4182,Jonathan Herrera,Red Sox,27,65,68,20,17,1,2,0,0,7,.308,0,0,0,1,2,3,0,0,.308
7593,Jordan Lyles,Rockies,16,26,27,8,5,3,0,0,0,2,.308,0,0,0,0,1,3,0,0,.308
10304,Jarred Cosart,- - -,8,13,16,4,4,0,0,0,0,0,.308,0,0,0,0,3,1,0,0,.308
6368,Adam Jones,Orioles,155,449,453,138,107,29,2,0,0,43,.307,0,0,0,4,0,11,0,0,.307
3410,Ryan Braun,Brewers,133,394,395,121,85,30,6,0,0,45,.307,0,0,0,1,0,17,0,0,.307
8553,Gerardo Parra,- - -,140,414,422,127,101,22,4,0,0,24,.307,0,0,0,2,6,10,0,0,.307
4314,Joey Votto,Reds,58,137,139,42,29,13,0,0,0,10,.307,0,0,0,2,0,5,0,0,.307
2677,Jordan Pacheco,- - -,59,124,126,38,28,9,1,0,0,15,.306,0,0,0,1,1,6,0,0,.306
7244,Tyler Moore,Nationals,28,49,49,15,13,2,0,0,0,7,.306,0,0,0,0,0,2,0,0,.306
4556,James Loney,Rays,149,451,456,138,113,25,0,0,0,53,.306,0,0,0,5,0,20,0,0,.306
5666,Devin Mesoraco,Reds,94,206,208,63,42,21,0,0,0,21,.306,0,0,0,2,0,5,0,0,.306
9689,Josh Thole,Blue Jays,49,108,111,33,29,4,0,0,0,6,.306,0,0,0,0,3,4,0,0,.306
8370,Dustin Pedroia,Red Sox,134,462,468,141,110,31,0,0,0,35,.305,0,0,0,6,0,14,0,0,.305
12533,Marcus Semien,White Sox,60,154,156,47,35,10,2,0,0,13,.305,0,0,0,0,2,6,0,0,.305
1165,Chris Valaika,Cubs,40,82,83,25,21,4,0,0,0,7,.305,0,0,0,1,0,5,0,0,.305
8623,Donovan Solano,Marlins,100,246,254,75,63,11,1,0,0,21,.305,0,0,0,1,7,5,0,0,.305
510,Josh Beckett,Dodgers,15,23,25,7,4,3,0,0,0,1,.304,0,0,0,0,2,0,0,0,.304
847,Alfonso Soriano,Yankees,47,92,95,28,17,11,0,0,0,12,.304,0,0,0,3,0,2,0,0,.304
4153,Jake Arrieta,Cubs,20,23,29,7,4,2,1,0,0,3,.304,0,0,0,0,6,1,0,0,.304
4875,Logan Watkins,Cubs,27,46,47,14,11,3,0,0,0,5,.304,0,0,0,0,1,0,0,0,.304
9927,Brett Gardner,Yankees,138,391,409,119,87,24,8,0,0,27,.304,0,0,0,5,13,3,0,0,.304
11038,Kevin Kiermaier,Rays,94,227,234,69,48,14,7,0,0,15,.304,0,0,0,2,5,3,0,0,.304
7435,Ben Zobrist,Rays,139,418,424,127,93,32,2,0,0,32,.304,0,0,0,4,2,8,0,0,.304
4940,Jason Heyward,Braves,143,415,418,126,102,21,3,0,0,36,.304,0,0,0,3,0,2,0,0,.304
7872,Tyson Ross,Padres,22,33,36,10,9,1,0,0,0,3,.303,0,0,0,1,2,0,0,0,.303
785,Todd Frazier,Reds,150,400,402,121,101,19,1,0,0,27,.303,0,0,0,2,0,9,0,0,.303
5000,Stephen Vogt,Athletics,67,162,163,49,41,7,1,0,0,16,.302,0,0,0,1,0,2,0,0,.302
1677,Shane Victorino,Red Sox,29,86,87,26,19,6,1,0,0,5,.302,0,0,0,0,1,2,0,0,.302
393,Victor Martinez,Tigers,117,278,283,84,65,19,0,0,0,31,.302,0,0,0,5,0,10,0,0,.302
5486,Abraham Almonte,- - -,54,139,142,42,32,9,1,0,0,11,.302,0,0,0,1,2,5,0,0,.302
12856,George Springer,Astros,70,149,151,45,36,8,1,0,0,16,.302,0,0,0,2,0,4,0,0,.302
2102,Josh Wilson,Rangers,23,53,54,16,12,4,0,0,0,8,.302,0,0,0,0,1,3,0,0,.302
10199,Billy Hamilton,Reds,140,431,440,130,99,24,7,0,0,30,.302,0,0,0,2,7,1,0,0,.302
5297,Aaron Hicks,Twins,56,126,128,38,31,7,0,0,0,11,.302,0,0,0,0,2,2,0,0,.302
13329,Jake Lamb,Diamondbacks,34,83,84,25,20,4,1,0,0,4,.301,0,0,0,1,0,4,0,0,.301
2554,Chris Parmelee,Twins,61,123,124,37,30,7,0,0,0,12,.301,0,0,0,1,0,6,0,0,.301
791,Brandon Phillips,Reds,121,373,380,112,88,24,0,0,0,31,.300,0,0,0,5,2,13,0,0,.300
1907,Andres Blanco,Phillies,21,40,44,12,7,5,0,0,0,0,.300,0,0,0,0,4,4,0,0,.300
3256,Welington Castillo,Cubs,104,240,244,72,54,18,0,0,0,22,.300,0,0,0,2,2,7,0,0,.300
5386,Andrew Lambo,Pirates,16,30,30,9,5,4,0,0,0,1,.300,0,0,0,0,0,2,0,0,.300
8137,Jaime Garcia,Cardinals,6,10,13,3,3,0,0,0,0,0,.300,0,0,0,0,3,0,0,0,.300
12282,Rougned Odor,Rangers,112,300,308,90,69,14,7,0,0,31,.300,0,0,0,2,6,7,0,0,.300
12859,James McCann,Tigers,5,10,10,3,2,1,0,0,0,0,.300,0,0,0,0,0,0,0,0,.300
768,Endy Chavez,Mariners,71,197,207,59,46,11,2,0,0,15,.299,0,0,0,1,9,2,0,0,.299
5930,Nick Markakis,Orioles,155,518,520,155,128,26,1,0,0,24,.299,0,0,0,2,0,10,0,0,.299
1887,Jose Bautista,Blue Jays,117,254,255,76,58,18,0,0,0,25,.299,0,0,0,1,0,14,0,0,.299
9777,Nolan Arenado,Rockies,110,351,357,105,70,33,2,0,0,34,.299,0,0,0,5,1,13,0,0,.299
1417,Ramon Santiago,Reds,61,134,141,40,32,8,0,0,0,5,.299,0,0,0,0,7,1,0,0,.299
9893,Colby Rasmus,Blue Jays,47,67,67,20,14,6,0,0,0,5,.299,0,0,0,0,0,1,0,0,.299
5223,Cameron Maybin,Padres,79,191,191,57,41,13,3,0,0,12,.298,0,0,0,0,0,8,0,0,.298
4720,Chase Headley,- - -,110,248,249,74,59,14,1,0,0,27,.298,0,0,0,1,0,16,0,0,.298
8392,Daniel Descalso,Cardinals,69,124,125,37,26,11,0,0,0,9,.298,0,0,0,0,1,2,0,0,.298
10067,Tomas Telis,Rangers,18,57,58,17,15,2,0,0,0,8,.298,0,0,0,0,1,2,0,0,.298
8155,Everth Cabrera,Padres,90,265,275,79,66,13,0,0,0,9,.298,0,0,0,1,9,5,0,0,.298
3648,Rene Rivera,Padres,94,198,203,59,42,16,1,0,0,26,.298,0,0,0,2,3,6,0,0,.298
3179,Dioner Navarro,Blue Jays,118,306,311,91,74,17,0,0,0,38,.297,0,0,0,5,0,9,0,0,.297
5669,Henderson Alvarez,Marlins,24,37,46,11,11,0,0,0,0,2,.297,0,0,0,1,8,0,0,0,.297
1679,Chase Utley,Phillies,145,431,437,128,91,33,4,0,0,46,.297,0,0,0,6,0,8,0,0,.297
8002,Wilin Rosario,Rockies,103,293,298,87,62,25,0,0,0,32,.297,0,0,0,5,0,17,0,0,.297
12161,Xander Bogaerts,Red Sox,137,364,371,108,79,28,1,0,0,28,.297,0,0,0,5,2,10,0,0,.297
11287,Bryan Holaday,Tigers,54,118,121,35,29,5,1,0,0,12,.297,0,0,0,2,1,4,0,0,.297
6867,Derek Norris,Athletics,114,263,265,78,61,16,1,0,0,19,.297,0,0,0,1,1,12,0,0,.297
11147,Tommy Medica,Padres,70,145,146,43,31,10,2,0,0,13,.297,0,0,0,1,0,5,0,0,.297
1433,Wilson Ramos,Nationals,88,270,273,80,68,12,0,0,0,32,.296,0,0,0,3,0,17,0,0,.296
1830,Clint Barmes,Pirates,36,81,82,24,20,4,0,0,0,5,.296,0,0,0,1,0,1,0,0,.296
10154,Donald Lutz,Reds,15,27,27,8,4,4,0,0,0,1,.296,0,0,0,0,0,0,0,0,.296
4082,Erick Aybar,Angels,156,510,517,151,119,29,3,0,0,43,.296,0,0,0,4,3,10,0,0,.296
5133,Alexei Ramirez,White Sox,156,510,514,151,116,33,2,0,0,41,.296,0,0,0,3,1,20,0,0,.296
9393,Matt Adams,Cardinals,88,176,182,52,38,13,1,0,0,23,.295,0,0,0,6,0,6,0,0,.295
7528,Kevin Frandsen,Nationals,90,190,193,56,48,8,0,0,0,15,.295,0,0,0,1,2,7,0,0,.295
4418,Jed Lowrie,Athletics,132,387,394,114,82,29,3,0,0,37,.295,0,0,0,4,3,13,0,0,.295
6352,Ryan Sweeney,Cubs,71,163,165,48,39,9,0,0,0,14,.294,0,0,0,1,1,4,0,0,.294
2396,Carlos Santana,Indians,96,180,181,53,39,14,0,0,0,24,.294,0,0,0,1,0,11,0,0,.294
7462,Trevor Plouffe,Twins,132,367,372,108,68,38,2,0,0,55,.294,0,0,0,5,0,12,0,0,.294
4727,Jacoby Ellsbury,Yankees,147,452,457,133,103,26,4,0,0,37,.294,0,0,0,5,0,9,0,0,.294
1757,Dan Haren,Dodgers,25,34,37,10,9,1,0,0,0,5,.294,0,0,0,0,3,1,0,0,.294
4505,Jordan Zimmermann,Nationals,27,34,43,10,9,1,0,0,0,1,.294,0,0,0,1,8,0,0,0,.294
5760,Avisail Garcia,White Sox,44,119,121,35,27,8,0,0,0,19,.294,0,0,0,2,0,5,0,0,.294
9373,Matt McBride,Rockies,15,17,17,5,3,2,0,0,0,1,.294,0,0,0,0,0,0,0,0,.294
1904,Adam LaRoche,Nationals,71,126,130,37,33,4,0,0,0,24,.294,0,0,0,4,0,7,0,0,.294
9776,Jason Kipnis,Indians,125,375,377,110,84,25,1,0,0,28,.293,0,0,0,1,1,15,0,0,.293
8175,Chris Nelson,Padres,24,58,59,17,14,3,0,0,0,7,.293,0,0,0,1,0,5,0,0,.293
1965,Desmond Jennings,Rays,118,335,344,98,68,28,2,0,0,18,.293,0,0,0,1,8,10,0,0,.293
7331,Seth Smith,Padres,100,195,197,57,34,18,5,0,0,18,.292,0,0,0,2,0,5,0,0,.292
4672,Junior Lake,Cubs,78,168,170,49,36,10,3,0,0,10,.292,0,0,0,1,1,3,0,0,.292
10058,Tyler Matzek,Rockies,17,24,27,7,6,1,0,0,0,0,.292,0,0,0,0,3,1,0,0,.292
13051,Chris Colabello,Twins,54,127,127,37,24,13,0,0,0,25,.291,0,0,0,0,0,2,0,0,.291
10306,Oswaldo Arcia,Twins,56,103,104,30,21,8,1,0,0,13,.291,0,0,0,1,0,4,0,0,.291
2830,Travis Snider,Pirates,112,220,221,64,49,14,1,0,0,16,.291,0,0,0,0,1,10,0,0,.291
13510,Jose Ramirez,Indians,63,196,209,57,45,10,2,0,0,10,.291,0,0,0,1,12,3,0,0,.291
10130,Mike Leake,Reds,24,31,36,9,4,5,0,0,0,2,.290,0,0,0,0,5,1,0,0,.290
9542,Steve Clevenger,Orioles,28,69,69,20,11,8,1,0,0,8,.290,0,0,0,0,0,5,0,0,.290
1702,Reed Johnson,Marlins,87,145,148,42,27,15,0,0,1,19,.290,0,0,0,1,2,4,0,0,.290
4756,John Baker,Cubs,56,114,118,33,26,7,0,0,0,14,.289,0,0,0,1,3,2,0,0,.289
11003,Evan Gattis,Braves,97,235,236,68,52,15,1,0,0,16,.289,0,0,0,1,0,8,0,0,.289
8722,Jason Castro,Astros,109,242,246,70,51,18,1,0,0,24,.289,0,0,0,3,1,9,0,0,.289
12984,Jackie Bradley Jr.,Red Sox,103,242,245,70,50,18,2,0,0,25,.289,0,0,0,2,1,10,0,0,.289
2216,Don Kelly,Tigers,56,128,129,37,32,4,1,0,0,6,.289,0,0,0,0,1,6,0,0,.289
13110,Yoenis Cespedes,- - -,132,346,349,100,68,27,5,0,0,44,.289,0,0,0,3,0,11,0,0,.289
1580,Chone Figgins,Dodgers,26,45,46,13,10,3,0,0,0,1,.289,0,0,0,0,1,0,0,0,.289
4969,Luis Valbuena,Cubs,137,329,330,95,62,30,3,0,0,24,.289,0,0,0,0,1,8,0,0,.289
3376,Nick Hundley,- - -,69,142,145,41,35,6,0,0,0,10,.289,0,0,0,2,1,3,0,0,.289
1908,Adrian Gonzalez,Dodgers,131,305,311,88,59,29,0,0,0,49,.289,0,0,0,6,0,10,0,0,.289
1873,Matt Holliday,Cardinals,151,430,431,124,88,36,0,0,0,54,.288,0,0,0,1,0,20,0,0,.288
5015,Melvin Upton Jr.,Braves,130,333,337,96,72,19,5,0,0,16,.288,0,0,0,1,3,6,0,0,.288
6050,Moises Sierra,- - -,49,111,112,32,22,8,2,0,0,5,.288,0,0,0,1,0,1,0,0,.288
5888,Cole Gillespie,- - -,26,59,60,17,15,2,0,0,0,4,.288,0,0,0,0,1,3,0,0,.288
3704,Skip Schumaker,Reds,75,191,194,55,43,12,0,0,0,16,.288,0,0,0,1,2,3,0,0,.288
6887,Martin Maldonado,Brewers,35,73,74,21,16,5,0,0,0,10,.288,0,0,0,0,1,3,0,0,.288
2197,Grady Sizemore,- - -,93,244,245,70,48,18,4,0,0,17,.287,0,0,0,1,0,10,0,0,.287
3817,Joaquin Arias,Giants,82,164,166,47,39,8,0,0,0,14,.287,0,0,0,1,1,1,0,0,.287
826,Derek Jeter,Yankees,145,475,485,136,117,18,1,0,0,34,.286,0,0,0,2,8,15,0,0,.286
2038,Justin Masterson,- - -,5,7,9,2,2,0,0,0,0,1,.286,0,0,0,0,2,0,0,0,.286
3412,Guilder Rodriguez,Rangers,4,7,8,2,2,0,0,0,0,1,.286,0,0,0,0,1,0,0,0,.286
4732,Matt Cain,Giants,9,14,14,4,4,0,0,0,0,0,.286,0,0,0,0,0,0,0,0,.286
5506,George Kottaras,- - -,7,7,8,2,2,0,0,0,0,1,.286,0,0,0,0,1,0,0,0,.286
6547,Jordy Mercer,Pirates,143,399,409,114,86,26,2,0,0,34,.286,0,0,0,5,5,13,0,0,.286
7290,Jake Elmore,Reds,4,7,7,2,2,0,0,0,0,0,.286,0,0,0,0,0,0,0,0,.286
8782,Andrew Cashner,Padres,16,21,27,6,4,1,1,0,0,2,.286,0,0,0,0,6,0,0,0,.286
9761,Joe Kelly,- - -,9,14,15,4,3,1,0,0,0,0,.286,0,0,0,0,1,0,0,0,.286
9884,Travis Wood,Cubs,28,35,42,10,8,2,0,0,0,3,.286,0,0,0,0,7,1,0,0,.286
9968,Daniel Butler,Red Sox,6,14,14,4,1,3,0,0,0,2,.286,0,0,0,0,0,1,0,0,.286
10299,Eury Perez,Yankees,3,7,7,2,2,0,0,0,0,0,.286,0,0,0,0,0,0,0,0,.286
11682,Carlos Martinez,Cardinals,6,7,8,2,2,0,0,0,0,0,.286,0,0,0,0,1,0,0,0,.286
12606,Raffy Lopez,Cubs,4,7,8,2,2,0,0,0,0,1,.286,0,0,0,1,0,0,0,0,.286
7158,Eric Young,Mets,80,218,224,62,47,10,5,0,0,12,.284,0,0,0,1,5,2,0,0,.284
945,Bobby Abreu,Mets,60,95,97,27,19,8,0,0,0,10,.284,0,0,0,2,0,3,0,0,.284
3364,Miguel Montero,Diamondbacks,123,317,321,90,69,21,0,0,0,45,.284,0,0,0,4,0,12,0,0,.284
2579,Carlos Ruiz,Phillies,106,310,314,88,62,25,1,0,0,19,.284,0,0,0,3,1,11,0,0,.284
12371,Tommy La Stella,Braves,92,275,279,78,62,15,1,0,0,25,.284,0,0,0,1,3,8,0,0,.284
746,A.J. Pierzynski,- - -,96,254,258,72,59,12,1,0,0,22,.283,0,0,0,3,1,13,0,0,.283
1159,Andrew Romine,Tigers,77,187,189,53,47,6,0,0,0,5,.283,0,0,0,0,2,5,0,0,.283
7888,Ryan Flaherty,Orioles,72,166,170,47,35,11,1,0,0,16,.283,0,0,0,1,3,3,0,0,.283
9911,Chris Carter,Astros,76,145,148,41,26,14,1,0,0,17,.283,0,0,0,3,0,9,0,0,.283
12546,C.J. Cron,Angels,70,145,145,41,29,11,1,0,0,17,.283,0,0,0,0,0,8,0,0,.283
9774,Christian Vazquez,Red Sox,52,138,144,39,30,9,0,0,0,15,.283,0,0,0,3,3,4,0,0,.283
9854,Efren Navarro,Angels,57,124,126,35,26,8,1,0,0,9,.282,0,0,0,0,2,0,0,0,.282
6104,Aaron Hill,Diamondbacks,131,376,380,106,78,25,3,0,0,37,.282,0,0,0,4,0,16,0,0,.282
10542,Derek Dietrich,Marlins,45,110,112,31,23,6,2,0,0,7,.282,0,0,0,0,2,1,0,0,.282
5352,Yangervis Solarte,- - -,129,388,395,109,89,19,1,0,0,32,.281,0,0,0,5,2,13,0,0,.281
9284,Chris Herrmann,Twins,25,57,57,16,13,3,0,0,0,4,.281,0,0,0,0,0,2,0,0,.281
4400,Chris Denorfia,- - -,106,253,255,71,55,12,4,0,0,12,.281,0,0,0,1,1,6,0,0,.281
1429,Nick Punto,Athletics,62,139,140,39,30,7,2,0,0,11,.281,0,0,0,0,1,5,0,0,.281
8254,Sam Fuld,- - -,104,282,289,79,59,16,4,0,0,26,.280,0,0,0,2,5,2,0,0,.280
745,David Ortiz,Red Sox,24,25,27,7,5,2,0,0,0,7,.280,0,0,0,2,0,4,0,0,.280
6876,Mark Trumbo,Diamondbacks,85,218,223,61,45,15,1,0,0,30,.280,0,0,0,5,0,7,0,0,.280
4191,Yunel Escobar,Rays,132,397,403,111,94,17,0,0,0,26,.280,0,0,0,2,4,15,0,0,.280
9368,Evan Longoria,Rays,147,365,374,102,83,19,0,0,0,45,.279,0,0,0,8,1,14,0,0,.279
5519,Ruben Tejada,Mets,111,272,277,76,65,11,0,0,0,22,.279,0,0,0,2,3,8,0,0,.279
11368,Yasmani Grandal,Padres,107,222,226,62,45,16,1,0,0,24,.279,0,0,0,4,0,6,0,0,.279
7539,Neil Walker,Pirates,127,351,353,98,75,20,3,0,0,35,.279,0,0,0,1,1,10,0,0,.279
1260,Ryan Ludwick,Reds,96,215,218,60,46,14,0,0,0,24,.279,0,0,0,2,1,6,0,0,.279
6195,Ian Kinsler,Tigers,155,545,551,152,113,36,3,0,0,57,.279,0,0,0,3,3,19,0,0,.279
3154,Domonic Brown,Phillies,127,341,345,95,73,21,1,0,0,39,.279,0,0,0,4,0,9,0,0,.279
10472,KikĂÂŠ Hernandez,- - -,39,97,97,27,18,6,3,0,0,8,.278,0,0,0,0,0,1,0,0,.278
2434,Nelson Cruz,Orioles,135,356,360,99,76,22,1,0,0,30,.278,0,0,0,4,0,16,0,0,.278
2505,Hank Conger,Angels,46,72,76,20,12,8,0,0,0,7,.278,0,0,0,1,3,2,0,0,.278
10099,Dustin Ackley,Mariners,139,378,383,105,74,27,4,0,0,40,.278,0,0,0,2,3,10,0,0,.278
12723,Tyler Collins,Tigers,10,18,18,5,5,0,0,0,0,1,.278,0,0,0,0,0,1,0,0,.278
2234,Kelly Johnson,- - -,64,119,120,33,20,12,1,0,0,18,.277,0,0,0,1,0,3,0,0,.277
11173,Oscar Taveras,Cardinals,74,184,185,51,44,7,0,0,0,15,.277,0,0,0,1,0,10,0,0,.277
3892,Josh Reddick,Athletics,89,206,208,57,42,11,4,0,0,25,.277,0,0,0,2,0,3,0,0,.277
7577,Marc Krauss,Astros,47,94,94,26,20,6,0,0,0,10,.277,0,0,0,0,0,5,0,0,.277
9810,Brian Dozier,Twins,151,423,433,117,84,32,1,0,0,35,.277,0,0,0,7,3,8,0,0,.277
4599,Nick Swisher,Indians,75,145,148,40,26,14,0,0,0,21,.276,0,0,0,3,0,7,0,0,.276
6777,Tyler Pastornicky,Braves,18,29,29,8,7,0,1,0,0,1,.276,0,0,0,0,0,0,0,0,.276
7185,Logan Forsythe,Rays,95,214,218,59,47,12,0,0,0,14,.276,0,0,0,2,2,9,0,0,.276
3142,Robinson Chirinos,Rangers,91,218,226,60,45,15,0,0,0,19,.275,0,0,0,4,4,4,0,0,.275
2036,Clayton Kershaw,Dodgers,24,40,46,11,10,0,1,0,0,3,.275,0,0,0,0,6,1,0,0,.275
971,Jimmy Rollins,Phillies,136,404,410,111,86,21,4,0,0,27,.275,0,0,0,3,3,6,0,0,.275
4063,Anthony Recker,Mets,46,102,106,28,19,9,0,0,0,13,.275,0,0,0,2,2,2,0,0,.275
12907,Gregory Polanco,Pirates,71,204,208,56,47,9,0,0,0,18,.275,0,0,0,2,2,1,0,0,.275
6848,Eduardo Nunez,Twins,65,164,166,45,34,7,4,0,0,16,.274,0,0,0,0,2,7,0,0,.274
10047,Wil Myers,Rays,79,197,199,54,42,12,0,0,1,19,.274,0,0,0,2,0,9,0,0,.274
3231,Brayan Pena,Reds,106,274,276,75,57,17,1,0,0,15,.274,0,0,0,1,1,8,0,0,.274
7287,Carlos Gonzalez,Rockies,49,106,107,29,18,10,1,0,0,14,.274,0,0,0,1,0,6,0,0,.274
211,Will Venable,Padres,122,275,279,75,60,13,2,0,0,12,.273,0,0,0,1,3,6,0,0,.273
2167,Dan Johnson,Blue Jays,7,11,13,3,3,0,0,0,0,3,.273,0,0,0,2,0,0,0,0,.273
2264,Hector Gomez,Brewers,6,11,11,3,2,1,0,0,0,1,.273,0,0,0,0,0,0,0,0,.273
9063,Alexi Amarista,Padres,132,345,357,94,79,13,2,0,0,26,.272,0,0,0,4,8,6,0,0,.272
12532,Kolten Wong,Cardinals,106,312,318,85,68,14,3,0,0,22,.272,0,0,0,1,5,12,0,0,.272
5933,Jean Segura,Brewers,141,430,442,117,97,14,6,0,0,19,.272,0,0,0,2,10,13,0,0,.272
7304,Salvador Perez,Royals,144,456,459,124,97,25,2,0,0,40,.272,0,0,0,3,0,22,0,0,.272
1738,Jhonny Peralta,Cardinals,141,368,372,100,68,32,0,0,0,36,.272,0,0,0,4,0,19,0,0,.272
10071,Jonathan Villar,Astros,80,173,177,47,32,13,2,0,0,13,.272,0,0,0,0,4,4,0,0,.272
6806,Josmil Pinto,Twins,51,107,109,29,21,8,0,0,0,8,.271,0,0,0,2,0,7,0,0,.271
5305,Alex Presley,Astros,81,203,206,55,48,6,1,0,0,10,.271,0,0,0,2,1,3,0,0,.271
10289,Hector Sanchez,Giants,50,96,99,26,18,8,0,0,0,17,.271,0,0,0,3,0,2,0,0,.271
5827,Wilmer Flores,Mets,70,218,219,59,45,13,1,0,0,15,.271,0,0,0,0,1,5,0,0,.271
12775,Brad Miller,Mariners,110,255,259,69,52,15,2,0,0,19,.271,0,0,0,1,3,2,0,0,.271
5986,Mike Aviles,Indians,103,285,299,77,60,16,1,0,0,23,.270,0,0,0,3,11,10,0,0,.270
1572,Coco Crisp,Athletics,119,374,379,101,77,21,3,0,0,29,.270,0,0,0,4,1,3,0,0,.270
1825,David DeJesus,Rays,68,182,182,49,32,15,2,0,0,10,.269,0,0,0,0,0,6,0,0,.269
2225,Jason Bourgeois,Reds,14,26,26,7,6,0,1,0,0,0,.269,0,0,0,0,0,1,0,0,.269
3361,Gaby Sanchez,Pirates,98,194,196,52,33,18,1,0,0,22,.268,0,0,0,2,0,6,0,0,.268
6035,David Murphy,Indians,119,310,315,83,61,21,1,0,0,36,.268,0,0,0,4,1,6,0,0,.268
1609,Omar Infante,Royals,131,437,447,117,94,20,3,0,0,41,.268,0,0,0,5,5,7,0,0,.268
166,Brian Roberts,Yankees,89,254,256,68,48,16,4,0,0,12,.268,0,0,0,1,1,8,0,0,.268
7480,Mike Carp,- - -,38,71,72,19,13,5,1,0,0,8,.268,0,0,0,1,0,5,0,0,.268
3978,Chris Heisey,Reds,92,191,198,51,35,14,2,0,0,8,.267,0,0,0,2,5,3,0,0,.267
319,Adam Dunn,- - -,16,15,17,4,3,1,0,0,0,5,.267,0,0,0,2,0,0,0,0,.267
4467,Brandon Moss,Athletics,33,45,46,12,11,1,0,0,0,6,.267,0,0,0,1,0,3,0,0,.267
2430,Darwin Barney,- - -,74,199,203,53,40,11,2,0,0,16,.266,0,0,0,2,2,1,0,0,.266
5587,Carlos Corporan,Astros,50,124,127,33,27,6,0,0,0,10,.266,0,0,0,2,1,3,0,0,.266
3917,Dayan Viciedo,White Sox,138,369,372,98,74,21,3,0,0,18,.266,0,0,0,3,0,19,0,0,.266
2047,Jorge de la Rosa,Rockies,25,34,40,9,9,0,0,0,0,1,.265,0,0,0,0,6,1,0,0,.265
5277,Tuffy Gosewisch,Diamondbacks,38,102,102,27,19,8,0,0,0,5,.265,0,0,0,0,0,6,0,0,.265
5038,Josh Donaldson,Athletics,151,397,400,105,79,24,2,0,0,42,.264,0,0,0,3,0,16,0,0,.264
3118,Jesus Guzman,Astros,51,106,106,28,24,4,0,0,0,5,.264,0,0,0,0,0,4,0,0,.264
4962,Asdrubal Cabrera,- - -,137,390,396,103,73,26,4,0,0,35,.264,0,0,0,5,1,14,0,0,.264
2041,John Buck,- - -,27,57,57,15,14,1,0,0,0,3,.263,0,0,0,0,0,0,0,0,.263
5278,Pedro Ciriaco,Royals,16,38,39,10,8,2,0,0,0,2,.263,0,0,0,0,1,2,0,0,.263
7739,Travis d'Arnaud,Mets,104,304,306,80,55,22,3,0,0,19,.263,0,0,0,1,1,15,0,0,.263
8790,Cole Figueroa,Rays,16,38,40,10,7,2,1,0,0,4,.263,0,0,0,2,0,0,0,0,.263
9112,Khris Davis,Brewers,132,323,327,85,53,31,1,0,0,27,.263,0,0,0,4,0,11,0,0,.263
3433,Allen Craig,- - -,123,327,329,86,65,20,1,0,0,33,.263,0,0,0,2,0,13,0,0,.263
5247,Brett Lawrie,Blue Jays,67,194,194,51,42,9,0,0,0,11,.263,0,0,0,0,0,0,0,0,.263
2616,Zack Cozart,Reds,144,404,409,106,83,18,5,0,0,28,.262,0,0,0,0,5,13,0,0,.262
5942,Jesus Sucre,Mariners,18,42,45,11,9,2,0,0,0,3,.262,0,0,0,0,3,0,0,0,.262
9312,Ryan Wheeler,Rockies,24,42,44,11,9,2,0,0,0,7,.262,0,0,0,2,0,1,0,0,.262
3298,Charlie Culberson,Rockies,72,142,148,37,29,7,1,0,0,14,.261,0,0,0,2,4,6,0,0,.261
589,Carlos Beltran,Yankees,89,192,196,50,36,14,0,0,0,19,.260,0,0,0,4,0,7,0,0,.260
10847,Andrelton Simmons,Braves,145,465,469,121,99,18,4,0,0,32,.260,0,0,0,2,2,25,0,0,.260
10711,Arismendy Alcantara,Cubs,68,173,176,45,33,10,2,0,0,10,.260,0,0,0,2,1,3,0,0,.260
7002,Will Middlebrooks,Red Sox,60,131,131,34,24,10,0,0,0,16,.260,0,0,0,0,0,7,0,0,.260
4810,Brian McCann,Yankees,41,54,56,14,10,4,0,0,0,12,.259,0,0,0,2,0,3,0,0,.259
9015,Gordon Beckham,- - -,120,351,359,91,64,27,0,0,0,27,.259,0,0,0,5,3,17,0,0,.259
8145,Eric Fryer,Twins,22,58,58,15,11,4,0,0,0,4,.259,0,0,0,0,0,0,0,0,.259
7215,David Lough,Orioles,56,128,135,33,24,6,3,0,0,8,.258,0,0,0,1,6,3,0,0,.258
4704,Donnie Murphy,Rangers,33,66,69,17,14,3,0,0,0,6,.258,0,0,0,2,1,2,0,0,.258
6230,Kyle Kendrick,Phillies,26,35,39,9,8,1,0,0,0,1,.257,0,0,0,0,4,2,0,0,.257
9892,Jay Bruce,Reds,80,152,156,39,26,12,1,0,0,21,.257,0,0,0,3,1,3,0,0,.257
11146,Cameron Rupp,Phillies,18,39,39,10,7,3,0,0,0,6,.256,0,0,0,0,0,5,0,0,.256
10816,Jedd Gyorko,Padres,109,285,288,73,56,16,1,0,0,29,.256,0,0,0,3,0,8,0,0,.256
6012,Didi Gregorius,Diamondbacks,75,211,215,54,40,9,5,0,0,15,.256,0,0,0,2,2,1,0,0,.256
242,Paul Konerko,White Sox,68,129,131,33,26,7,0,0,0,13,.256,0,0,0,2,0,6,0,0,.256
10166,Nick Franklin,- - -,23,47,49,12,9,2,1,0,0,4,.255,0,0,0,2,0,2,0,0,.255
1698,Gerald Laird,Braves,48,118,118,30,22,8,0,0,0,10,.254,0,0,0,0,0,6,0,0,.254
10441,Jon Singleton,Astros,54,107,108,27,17,10,0,0,0,11,.252,0,0,0,1,0,4,0,0,.252
8610,Kendrys Morales,- - -,82,183,186,46,31,15,0,0,0,26,.251,0,0,0,3,0,9,0,0,.251
2530,Yonder Alonso,Padres,72,211,214,53,34,18,1,0,0,17,.251,0,0,0,3,0,6,0,0,.251
7927,Eric Sogard,Athletics,95,235,241,59,50,9,0,0,0,13,.251,0,0,0,2,4,6,0,0,.251
1137,Jerome Williams,Phillies,7,8,11,2,2,0,0,0,0,2,.250,0,0,0,0,3,0,0,0,.250
1281,Mark Teixeira,Yankees,49,72,72,18,14,4,0,0,0,12,.250,0,0,0,0,0,4,0,0,.250
2103,Josh Willingham,- - -,52,100,105,25,20,5,0,0,0,13,.250,0,0,0,5,0,4,0,0,.250
2495,Pedro Alvarez,Pirates,53,76,76,19,14,5,0,0,0,6,.250,0,0,0,0,0,8,0,0,.250
3254,Jeff Samardzija,Cubs,14,24,27,6,3,3,0,0,0,2,.250,0,0,0,1,2,1,0,0,.250
3873,Zeke Spruill,Diamondbacks,4,4,4,1,0,1,0,0,0,0,.250,0,0,0,0,0,0,0,0,.250
4006,Justin Sellers,Indians,5,12,14,3,3,0,0,0,0,0,.250,0,0,0,0,2,0,0,0,.250
4142,Jonathan Diaz,Blue Jays,14,24,26,6,5,1,0,0,0,4,.250,0,0,0,0,2,1,0,0,.250
4747,Curtis Granderson,Mets,95,224,228,56,45,10,1,0,0,20,.250,0,0,0,4,0,1,0,0,.250
5751,Hernan Perez,Tigers,3,4,4,1,1,0,0,0,0,0,.250,0,0,0,0,0,0,0,0,.250
6335,Omar Quintanilla,Mets,10,24,24,6,5,1,0,0,0,3,.250,0,0,0,0,0,1,0,0,.250
6564,Bobby Wilson,Diamondbacks,2,4,4,1,1,0,0,0,0,0,.250,0,0,0,0,0,0,0,0,.250
7168,Juan Centeno,Mets,10,24,24,6,6,0,0,0,0,2,.250,0,0,0,0,0,2,0,0,.250
9132,Nathan Eovaldi,Marlins,18,20,27,5,5,0,0,0,0,0,.250,0,0,0,0,7,0,0,0,.250
9308,Josh Phegley,White Sox,8,20,21,5,3,2,0,0,0,2,.250,0,0,0,1,0,0,0,0,.250
10466,Taylor Jordan,Nationals,3,4,4,1,1,0,0,0,0,0,.250,0,0,0,0,0,0,0,0,.250
10951,Greg Garcia,Cardinals,5,8,8,2,1,1,0,0,0,0,.250,0,0,0,0,0,0,0,0,.250
10982,Chase Whitley,Yankees,3,4,4,1,1,0,0,0,0,0,.250,0,0,0,0,0,0,0,0,.250
12049,Kyle Hendricks,Cubs,9,12,15,3,3,0,0,0,0,1,.250,0,0,0,0,3,0,0,0,.250
12572,Blake Treinen,Nationals,6,4,6,1,1,0,0,0,0,0,.250,0,0,0,0,2,0,0,0,.250
13125,Gerrit Cole,Pirates,18,28,32,7,7,0,0,0,0,0,.250,0,0,0,0,4,2,0,0,.250
13419,Christian Walker,Orioles,6,8,8,2,1,1,0,0,0,0,.250,0,0,0,0,0,0,0,0,.250
15764,Masahiro Tanaka,Yankees,2,4,4,1,1,0,0,0,0,0,.250,0,0,0,0,0,0,0,0,.250
7619,Mark Reynolds,Brewers,89,161,162,40,31,9,0,0,0,8,.248,0,0,0,1,0,5,0,0,.248
11265,Jonathan Schoop,Orioles,131,311,315,77,60,17,0,0,0,20,.248,0,0,0,0,4,12,0,0,.248
2802,Tony Cruz,Cardinals,47,101,103,25,20,5,0,0,0,14,.248,0,0,0,0,2,6,0,0,.248
3882,Chris Young,- - -,80,194,198,48,33,15,0,0,0,15,.247,0,0,0,3,1,3,0,0,.247
1177,Albert Pujols,Angels,115,280,286,69,48,21,0,0,0,39,.246,0,0,0,6,0,23,0,0,.246
4952,Ryan Hanigan,Rays,74,179,183,44,35,9,0,0,0,24,.246,0,0,0,2,2,6,0,0,.246
4903,Matt Dominguez,Astros,149,412,420,101,85,16,0,0,0,29,.245,0,0,0,6,2,23,0,0,.245
2151,Edwin Encarnacion,Blue Jays,90,196,197,48,32,16,0,0,0,23,.245,0,0,0,1,0,14,0,0,.245
11255,Matt Szczur,Cubs,28,49,49,12,10,2,0,0,0,2,.245,0,0,0,0,0,1,0,0,.245
7087,Caleb Joseph,Orioles,63,127,134,31,22,9,0,0,0,6,.244,0,0,0,1,6,6,0,0,.244
4613,Prince Fielder,Rangers,19,37,38,9,8,1,0,0,0,6,.243,0,0,0,1,0,0,0,0,.243
9054,Justin Smoak,Mariners,38,74,75,18,11,7,0,0,0,10,.243,0,0,0,1,0,1,0,0,.243
11746,Stefen Romero,Mariners,55,124,127,30,22,6,2,0,0,5,.242,0,0,0,1,2,5,0,0,.242
2218,Ryan Raburn,Indians,64,120,122,29,24,5,0,0,0,13,.242,0,0,0,2,0,7,0,0,.242
3692,Jack Hannahan,Reds,18,29,29,7,4,3,0,0,0,2,.241,0,0,0,0,0,2,0,0,.241
4964,Tony Campana,- - -,27,58,58,14,12,1,1,0,0,5,.241,0,0,0,0,0,0,0,0,.241
14444,Hyun-Jin Ryu,Dodgers,19,29,37,7,5,2,0,0,0,1,.241,0,0,0,0,8,0,0,0,.241
3336,Alberto Callaspo,Athletics,122,340,345,82,67,15,0,0,0,24,.241,0,0,0,5,0,18,0,0,.241
3390,John Mayberry,- - -,53,96,97,23,13,10,0,0,0,10,.240,0,0,0,1,0,2,0,0,.240
13265,Mike Zunino,Mariners,109,226,230,54,36,16,2,0,0,17,.239,0,0,0,4,0,13,0,0,.239
4538,Jason Hammel,- - -,18,21,26,5,5,0,0,0,0,3,.238,0,0,0,0,5,0,0,0,.238
5950,Ian Stewart,Angels,11,21,21,5,1,2,2,0,0,2,.238,0,0,0,0,0,1,0,0,.238
25,Jose Molina,Rays,71,165,170,39,37,2,0,0,0,7,.236,0,0,0,1,4,8,0,0,.236
9785,Kyle Seager,Mariners,109,237,239,56,45,11,0,0,0,21,.236,0,0,0,2,0,11,0,0,.236
2113,Ryan Doumit,Braves,58,89,89,21,17,4,0,0,0,7,.236,0,0,0,0,0,1,0,0,.236
3411,Drew Butera,Dodgers,52,123,125,29,22,6,1,0,0,6,.236,0,0,0,1,1,1,0,0,.236
11899,Joc Pederson,Dodgers,13,17,18,4,4,0,0,0,0,0,.235,0,0,0,0,1,1,0,0,.235
1943,Zack Greinke,Dodgers,27,47,51,11,5,6,0,0,0,1,.234,0,0,0,0,4,0,0,0,.234
5913,Leury Garcia,White Sox,45,94,98,22,19,3,0,0,0,3,.234,0,0,0,0,4,5,0,0,.234
12510,Curt Casali,Rays,23,47,49,11,8,3,0,0,0,2,.234,0,0,0,0,2,2,0,0,.234
6740,Johnny Giavotella,Royals,12,30,30,7,6,1,0,0,0,1,.233,0,0,0,0,0,1,0,0,.233
5677,A.J. Ellis,Dodgers,87,215,219,50,41,9,0,0,0,15,.233,0,0,0,1,3,15,0,0,.233
7937,Logan Schafer,Brewers,45,86,88,20,11,8,1,0,0,6,.233,0,0,0,1,1,0,0,0,.233
395,John McDonald,Angels,42,56,62,13,11,2,0,0,0,3,.232,0,0,0,1,5,1,0,0,.232
1443,Mark Ellis,Cardinals,62,138,143,32,26,6,0,0,0,10,.232,0,0,0,1,4,0,0,0,.232
3442,Dan Uggla,- - -,35,69,70,16,15,1,0,0,0,5,.232,0,0,0,1,0,3,0,0,.232
6201,Nate Schierholtz,- - -,103,220,226,51,40,7,4,0,0,22,.232,0,0,0,6,0,5,0,0,.232
1551,David Ross,Red Sox,43,78,81,18,12,6,0,0,0,6,.231,0,0,0,1,2,1,0,0,.231
5514,Jesus Montero,Mariners,6,13,13,3,3,0,0,0,0,0,.231,0,0,0,0,0,1,0,0,.231
6978,Juan Francisco,Blue Jays,34,39,40,9,8,1,0,0,0,7,.231,0,0,0,1,0,2,0,0,.231
9807,Ryan Goins,Blue Jays,56,130,137,30,22,5,3,0,0,10,.231,0,0,0,1,6,4,0,0,.231
12179,Maikel Franco,Phillies,16,39,39,9,7,2,0,0,0,3,.231,0,0,0,0,0,1,0,0,.231
13781,Alex Wood,Braves,13,13,18,3,3,0,0,0,0,2,.231,0,0,0,0,5,0,0,0,.231
2233,Adam Wainwright,Cardinals,26,48,54,11,8,3,0,0,0,3,.229,0,0,0,0,6,0,0,0,.229
10950,Adam Duvall,Giants,22,48,48,11,9,2,0,0,0,1,.229,0,0,0,0,0,0,0,0,.229
5212,Alfredo Marte,Diamondbacks,34,70,71,16,10,5,1,0,0,4,.229,0,0,0,0,1,2,0,0,.229
5098,Jordany Valdespin,Marlins,39,79,85,18,15,2,1,0,0,6,.228,0,0,0,0,6,1,0,0,.228
1945,Corey Hart,Mariners,57,123,124,28,21,7,0,0,0,7,.228,0,0,0,1,0,0,0,0,.228
6341,Luis Jimenez,Angels,13,22,24,5,3,2,0,0,0,2,.227,0,0,0,0,2,1,0,0,.227
6589,Sean Rodriguez,Rays,75,154,159,35,20,12,3,0,0,13,.227,0,0,0,2,3,3,0,0,.227
8362,Homer Bailey,Reds,18,22,30,5,5,0,0,0,0,1,.227,0,0,0,0,8,1,0,0,.227
9958,Jeff Bianchi,Brewers,25,53,54,12,11,1,0,0,0,6,.226,0,0,0,1,0,1,0,0,.226
6073,Brendan Ryan,Yankees,38,84,86,19,15,4,0,0,0,7,.226,0,0,0,1,1,2,0,0,.226
5273,Sandy Leon,Nationals,20,40,40,9,8,1,0,0,0,1,.225,0,0,0,0,0,1,0,0,.225
4403,Erik Kratz,- - -,32,76,76,17,13,4,0,0,0,3,.224,0,0,0,0,0,4,0,0,.224
3837,Andrew Brown,Mets,15,27,28,6,5,1,0,0,0,2,.222,0,0,0,1,0,2,0,0,.222
6421,Roger Bernadina,- - -,31,45,46,10,7,3,0,0,0,6,.222,0,0,0,0,1,2,0,0,.222
6448,Jim Adduci,Rangers,36,72,74,16,13,3,0,0,0,5,.222,0,0,0,1,1,2,0,0,.222
8524,Jackson Williams,Rockies,4,9,9,2,2,0,0,0,0,0,.222,0,0,0,0,0,1,0,0,.222
13287,Jesse Hahn,Padres,7,9,11,2,2,0,0,0,0,1,.222,0,0,0,0,2,0,0,0,.222
14335,Dilson Herrera,Mets,16,36,36,8,7,0,1,0,0,4,.222,0,0,0,0,0,3,0,0,.222
3190,Nate McLouth,Nationals,53,100,102,22,16,6,0,0,0,4,.220,0,0,0,1,1,0,0,0,.220
7802,Miguel Rojas,Dodgers,54,119,120,26,23,3,0,0,0,7,.218,0,0,0,0,1,5,0,0,.218
6582,Nate Freiman,Athletics,28,55,55,12,8,4,0,0,0,4,.218,0,0,0,0,0,5,0,0,.218
10622,Zach Walters,- - -,37,55,55,12,10,2,0,0,0,5,.218,0,0,0,0,0,0,0,0,.218
5371,Juan Perez,Giants,40,74,76,16,9,7,0,0,0,1,.216,0,0,0,0,2,3,0,0,.216
88,Rafael Furcal,Marlins,9,28,28,6,5,0,1,0,0,2,.214,0,0,0,0,0,1,0,0,.214
4662,Brandon McCarthy,Diamondbacks,11,14,17,3,3,0,0,0,0,1,.214,0,0,0,0,3,0,0,0,.214
5002,Caleb Gindl,Brewers,6,14,14,3,3,0,0,0,0,0,.214,0,0,0,0,0,0,0,0,.214
8779,Wade Miley,Diamondbacks,27,42,51,9,9,0,0,0,0,1,.214,0,0,0,0,9,0,0,0,.214
10021,Mike Minor,Braves,18,28,30,6,5,1,0,0,0,3,.214,0,0,0,0,2,0,0,0,.214
10547,Jimmy Nelson,Brewers,11,14,15,3,2,1,0,0,0,0,.214,0,0,0,0,1,1,0,0,.214
697,J.P. Arencibia,Rangers,53,113,115,24,16,8,0,0,0,17,.212,0,0,0,2,0,6,0,0,.212
4003,Brandon Hicks,Giants,55,114,117,24,17,6,1,0,0,9,.211,0,0,0,0,3,5,0,0,.211
11376,Michael Choice,Rangers,78,171,173,36,29,6,1,0,0,19,.211,0,0,0,2,0,10,0,0,.211
12147,Nick Ahmed,Diamondbacks,20,57,59,12,10,2,0,0,0,2,.211,0,0,0,0,2,2,0,0,.211
8822,Zelous Wheeler,Yankees,21,43,45,9,9,0,0,0,0,1,.209,0,0,0,1,1,1,0,0,.209
10200,Tucker Barnhart,Reds,20,43,45,9,9,0,0,0,0,0,.209,0,0,0,0,2,0,0,0,.209
914,Brennan Boesch,Angels,23,48,49,10,9,1,0,0,0,3,.208,0,0,0,1,0,0,0,0,.208
8433,Ike Davis,- - -,95,168,170,35,27,8,0,0,0,16,.208,0,0,0,2,0,6,0,0,.208
6274,Carlos Quentin,Padres,37,82,84,17,12,5,0,0,0,8,.207,0,0,0,2,0,5,0,0,.207
198,Danny Worth,Tigers,11,29,30,6,5,1,0,0,0,3,.207,0,0,0,1,0,1,0,0,.207
6402,Brent Morel,Pirates,16,29,29,6,5,1,0,0,0,3,.207,0,0,0,0,0,1,0,0,.207
3200,Ervin Santana,Braves,25,34,42,7,6,1,0,0,0,1,.206,0,0,0,0,8,1,0,0,.206
6609,Freddy Galvis,Phillies,37,83,84,17,13,3,1,0,0,5,.205,0,0,0,1,0,0,0,0,.205
6656,L.J. Hoes,Astros,41,88,90,18,13,5,0,0,0,5,.205,0,0,0,1,1,5,0,0,.205
1507,John Lackey,Cardinals,8,10,14,2,2,0,0,0,0,0,.200,0,0,0,0,4,0,0,0,.200
4338,Tyler Chatwood,Rockies,4,5,5,1,1,0,0,0,0,0,.200,0,0,0,0,0,0,0,0,.200
5057,Yohan Flande,Rockies,7,5,9,1,1,0,0,0,0,0,.200,0,0,0,0,4,0,0,0,.200
5088,Franklin Morales,Rockies,15,15,21,3,3,0,0,0,0,0,.200,0,0,0,0,6,0,0,0,.200
5985,Randall Delgado,Diamondbacks,6,5,7,1,1,0,0,0,0,0,.200,0,0,0,0,2,0,0,0,.200
6432,Tim Stauffer,Padres,5,5,6,1,1,0,0,0,0,0,.200,0,0,0,0,1,0,0,0,.200
11366,Brandon Cumpton,Pirates,9,10,12,2,2,0,0,0,0,1,.200,0,0,0,0,2,0,0,0,.200
11530,Jose Fernandez,Marlins,7,10,11,2,2,0,0,0,0,1,.200,0,0,0,0,1,0,0,0,.200
12555,Tony Cingrani,Reds,11,15,16,3,3,0,0,0,0,0,.200,0,0,0,0,1,0,0,0,.200
4892,Mike Moustakas,Royals,73,116,118,23,17,5,1,0,0,9,.198,0,0,0,1,1,9,0,0,.198
10698,Mike Olt,Cubs,64,106,109,21,14,7,0,0,0,7,.198,0,0,0,3,0,3,0,0,.198
6141,Tony Gwynn,Phillies,52,82,88,16,13,2,1,0,0,3,.195,0,0,0,0,6,0,0,0,.195
512,A.J. Burnett,Phillies,24,36,38,7,6,1,0,0,0,0,.194,0,0,0,0,2,2,0,0,.194
3972,Andy Parrino,Athletics,15,31,31,6,3,3,0,0,0,1,.194,0,0,0,0,0,1,0,0,.194
4424,Jon Niese,Mets,20,26,30,5,4,1,0,0,0,3,.192,0,0,0,0,4,0,0,0,.192
7358,Michael Martinez,Pirates,19,26,27,5,4,1,0,0,0,2,.192,0,0,0,0,1,0,0,0,.192
3388,Chris Getz,Blue Jays,8,21,22,4,3,1,0,0,0,0,.190,0,0,0,0,1,1,0,0,.190
6732,Zoilo Almonte,Yankees,12,21,21,4,4,0,0,0,0,2,.190,0,0,0,0,0,1,0,0,.190
8753,Tanner Roark,Nationals,26,37,46,7,7,0,0,0,0,0,.189,0,0,0,0,9,1,0,0,.189
11342,Jesus Aguilar,Indians,12,16,16,3,3,0,0,0,0,2,.188,0,0,0,0,0,1,0,0,.188
739,Kyle Lohse,Brewers,25,38,47,7,7,0,0,0,0,4,.184,0,0,0,0,9,1,0,0,.184
2155,Alfredo Simon,Reds,27,38,45,7,4,3,0,0,0,2,.184,0,0,0,0,7,0,0,0,.184
3203,Andy Marte,Diamondbacks,4,11,11,2,2,0,0,0,0,1,.182,0,0,0,0,0,0,0,0,.182
5963,Xavier Paul,Diamondbacks,9,11,11,2,2,0,0,0,0,0,.182,0,0,0,0,0,0,0,0,.182
7731,Juan Nicasio,Rockies,10,11,13,2,2,0,0,0,0,3,.182,0,0,0,0,2,0,0,0,.182
10354,Robbie Erlin,Padres,7,11,11,2,2,0,0,0,0,1,.182,0,0,0,0,0,0,0,0,.182
4249,Shane Robinson,Cardinals,35,50,50,9,7,1,1,0,0,4,.180,0,0,0,0,0,3,0,0,.180
5928,Daric Barton,Athletics,19,39,39,7,7,0,0,0,0,2,.179,0,0,0,0,0,0,0,0,.179
3536,Eli Whiteside,Cubs,7,17,18,3,2,1,0,0,0,2,.176,0,0,0,1,0,0,0,0,.176
1011,Ryan Vogelsong,Giants,24,40,42,7,5,2,0,0,0,2,.175,0,0,0,0,2,1,0,0,.175
6986,Ian Kennedy,Padres,22,23,29,4,4,0,0,0,0,3,.174,0,0,0,0,6,0,0,0,.174
12325,Jace Peterson,Padres,18,35,37,6,6,0,0,0,0,0,.171,0,0,0,0,2,1,0,0,.171
12979,Javier Baez,Cubs,36,76,76,13,11,2,0,0,0,2,.171,0,0,0,0,0,5,0,0,.171
520,Alex Gonzalez,Tigers,8,24,24,4,3,0,1,0,0,1,.167,0,0,0,0,0,2,0,0,.167
934,Carlos Pena,Rangers,8,12,12,2,1,1,0,0,0,1,.167,0,0,0,0,0,1,0,0,.167
976,Randy Wolf,Marlins,5,6,6,1,1,0,0,0,0,0,.167,0,0,0,0,0,0,0,0,.167
1451,Aaron Harang,Braves,27,30,38,5,5,0,0,0,0,1,.167,0,0,0,0,8,2,0,0,.167
2520,Lance Lynn,Cardinals,23,24,28,4,3,1,0,0,0,1,.167,0,0,0,0,4,1,0,0,.167
3790,Jayson Nix,- - -,29,54,56,9,9,0,0,0,0,3,.167,0,0,0,1,1,2,0,0,.167
3815,Mat Latos,Reds,12,18,19,3,3,0,0,0,0,1,.167,0,0,0,0,1,1,0,0,.167
4016,Jerry Sands,Rays,8,12,12,2,2,0,0,0,0,2,.167,0,0,0,0,0,2,0,0,.167
4751,Elliot Johnson,Indians,7,12,13,2,0,2,0,0,0,0,.167,0,0,0,0,1,0,0,0,.167
5705,Tim Lincecum,Giants,17,18,23,3,3,0,0,0,0,1,.167,0,0,0,0,5,1,0,0,.167
6562,Alex Cobb,Rays,4,6,6,1,0,1,0,0,0,1,.167,0,0,0,0,0,0,0,0,.167
8173,Yovani Gallardo,Brewers,28,36,41,6,5,1,0,0,0,1,.167,0,0,0,0,5,1,0,0,.167
11137,Mike Bolsinger,Diamondbacks,8,12,13,2,2,0,0,0,0,1,.167,0,0,0,0,1,0,0,0,.167
12701,Billy Burns,Athletics,3,6,6,1,1,0,0,0,0,0,.167,0,0,0,0,0,0,0,0,.167
4251,Stephen Drew,- - -,57,121,122,20,12,7,1,0,0,8,.165,0,0,0,1,0,1,0,0,.165
7312,Josh Collmenter,Diamondbacks,24,37,38,6,4,2,0,0,0,1,.162,0,0,0,0,1,1,0,0,.162
2158,Greg Dobbs,- - -,24,31,32,5,4,1,0,0,0,2,.161,0,0,0,1,0,0,0,0,.161
3201,Francisco Liriano,Pirates,26,31,35,5,5,0,0,0,0,0,.161,0,0,0,0,4,1,0,0,.161
10131,Stephen Strasburg,Nationals,24,31,39,5,4,1,0,0,0,2,.161,0,0,0,0,8,1,0,0,.161
3273,Roberto Hernandez,- - -,20,25,34,4,4,0,0,0,0,2,.160,0,0,0,0,9,0,0,0,.160
6893,Johnny Cueto,Reds,29,44,55,7,7,0,0,0,0,1,.159,0,0,0,0,11,1,0,0,.159
1118,Marco Estrada,Brewers,15,19,24,3,3,0,0,0,0,2,.158,0,0,0,0,5,1,0,0,.158
5199,Taylor Teagarden,Mets,8,19,19,3,3,0,0,0,0,1,.158,0,0,0,0,0,1,0,0,.158
7448,Gio Gonzalez,Nationals,18,19,25,3,2,1,0,0,0,1,.158,0,0,0,0,6,0,0,0,.158
4293,Brett Hayes,Royals,17,39,39,6,5,1,0,0,0,1,.154,0,0,0,0,0,1,0,0,.154
10310,Zack Wheeler,Mets,24,26,37,4,3,1,0,0,0,3,.154,0,0,0,0,11,0,0,0,.154
11176,David Buchanan,Phillies,15,20,25,3,2,1,0,0,0,2,.150,0,0,0,0,5,0,0,0,.150
6797,Julio Teheran,Braves,26,41,49,6,5,1,0,0,0,4,.146,0,0,0,0,8,0,0,0,.146
6788,Josh Satin,Mets,14,21,21,3,1,2,0,0,0,3,.143,0,0,0,0,0,2,0,0,.143
8126,Vince Belnome,Rays,4,7,8,1,0,1,0,0,0,1,.143,0,0,0,1,0,0,0,0,.143
13050,Anthony DeSclafani,Marlins,3,7,7,1,1,0,0,0,0,2,.143,0,0,0,0,0,1,0,0,.143
15670,Alex Guerrero,Dodgers,5,7,7,1,1,0,0,0,0,0,.143,0,0,0,0,0,0,0,0,.143
6677,J.B. Shuck,- - -,31,93,94,13,12,1,0,0,0,4,.140,0,0,0,0,1,1,0,0,.140
5663,Neftali Soto,Reds,15,22,23,3,2,1,0,0,0,1,.136,0,0,0,1,0,2,0,0,.136
6570,Tom Koehler,Marlins,21,22,30,3,3,0,0,0,0,0,.136,0,0,0,0,8,2,0,0,.136
8609,Tim Federowicz,Dodgers,20,52,55,7,4,3,0,0,0,2,.135,0,0,0,1,2,3,0,0,.135
3664,Brooks Conrad,Padres,10,15,16,2,1,1,0,0,0,1,.133,0,0,0,1,0,0,0,0,.133
6052,Brad Snyder,Rangers,9,15,15,2,2,0,0,0,0,0,.133,0,0,0,0,0,0,0,0,.133
6435,Vance Worley,Pirates,14,15,20,2,1,1,0,0,0,0,.133,0,0,0,0,5,0,0,0,.133
8011,Eric Stults,Padres,24,30,34,4,3,1,0,0,0,1,.133,0,0,0,0,4,1,0,0,.133
8353,Dean Anna,Yankees,6,15,16,2,1,1,0,0,0,1,.133,0,0,0,1,0,0,0,0,.133
8385,Pedro Florimon,Twins,27,53,55,7,5,1,1,0,0,0,.132,0,0,0,0,2,2,0,0,.132
9425,Doug Fister,Nationals,21,31,39,4,3,1,0,0,0,0,.129,0,0,0,0,8,0,0,0,.129
1555,Marco Scutaro,Giants,4,8,9,1,1,0,0,0,0,0,.125,0,0,0,0,1,1,0,0,.125
7316,Darin Mastroianni,- - -,15,32,32,4,4,0,0,0,0,0,.125,0,0,0,0,0,4,0,0,.125
7754,Mike Fiers,Brewers,10,8,14,1,1,0,0,0,0,0,.125,0,0,0,0,6,0,0,0,.125
9756,David Hale,Braves,10,8,10,1,1,0,0,0,0,1,.125,0,0,0,1,1,0,0,0,.125
11773,Jason Rogers,Brewers,7,8,8,1,0,1,0,0,0,0,.125,0,0,0,0,0,0,0,0,.125
6165,Irving Falu,- - -,15,25,25,3,3,0,0,0,0,0,.120,0,0,0,0,0,2,0,0,.120
4792,Jeff Francoeur,Padres,10,17,18,2,2,0,0,0,0,1,.118,0,0,0,1,0,0,0,0,.118
193,Carlos Triunfel,Dodgers,6,9,9,1,1,0,0,0,0,0,.111,0,0,0,0,0,0,0,0,.111
3340,Matt Garza,Brewers,20,27,33,3,2,1,0,0,0,0,.111,0,0,0,0,6,0,0,0,.111
5653,Ryan Roberts,Red Sox,8,9,9,1,1,0,0,0,0,0,.111,0,0,0,0,0,2,0,0,.111
6249,Trevor Cahill,Diamondbacks,16,18,22,2,1,1,0,0,0,0,.111,0,0,0,0,4,0,0,0,.111
4676,Charlie Morton,Pirates,17,19,27,2,2,0,0,0,0,1,.105,0,0,0,0,8,2,0,0,.105
6013,Cristhian Adames,Rockies,5,10,10,1,1,0,0,0,0,0,.100,0,0,0,0,0,1,0,0,.100
7392,Brad Glenn,Blue Jays,5,10,10,1,1,0,0,0,0,0,.100,0,0,0,0,0,0,0,0,.100
9674,Vidal Nuno,Diamondbacks,9,10,16,1,1,0,0,0,0,0,.100,0,0,0,0,6,1,0,0,.100
13046,Tsuyoshi Wada,Cubs,10,10,13,1,1,0,0,0,0,0,.100,0,0,0,0,3,0,0,0,.100
7738,Wily Peralta,Brewers,21,33,40,3,1,2,0,0,0,2,.091,0,0,0,0,7,1,0,0,.091
14078,Michael Wacha,Cardinals,11,11,14,1,1,0,0,0,0,2,.091,0,0,0,0,3,0,0,0,.091
4020,Yusmeiro Petit,Giants,9,12,13,1,1,0,0,0,0,0,.083,0,0,0,0,1,0,0,0,.083
10925,Christian Bergman,Rockies,9,12,13,1,1,0,0,0,0,0,.083,0,0,0,0,1,0,0,0,.083
1658,Xavier Nady,Padres,14,25,25,2,1,1,0,0,0,1,.080,0,0,0,0,0,4,0,0,.080
3990,Edinson Volquez,Pirates,21,25,33,2,2,0,0,0,0,2,.080,0,0,0,0,8,0,0,0,.080
5552,Jamie Romak,Dodgers,8,13,13,1,0,1,0,0,0,3,.077,0,0,0,0,0,1,0,0,.077
8793,Matthew Clark,Brewers,8,13,14,1,1,0,0,0,0,1,.077,0,0,0,1,0,1,0,0,.077
5667,Steven Souza Jr.,Nationals,10,14,14,1,1,0,0,0,0,0,.071,0,0,0,0,0,1,0,0,.071
375,Bartolo Colon,Mets,20,29,36,2,1,1,0,0,0,0,.069,0,0,0,0,7,0,0,0,.069
921,Tim Hudson,Giants,22,32,38,2,2,0,0,0,0,0,.063,0,0,0,0,6,4,0,0,.063
6895,Chase Anderson,Diamondbacks,15,19,24,1,1,0,0,0,0,0,.053,0,0,0,0,5,0,0,0,.053
9111,Brad Hand,Marlins,15,19,21,1,1,0,0,0,0,0,.053,0,0,0,0,2,0,0,0,.053
7396,Dillon Gee,Mets,16,20,23,1,1,0,0,0,0,1,.050,0,0,0,0,3,0,0,0,.050
404,CC Sabathia,Yankees,1,2,2,0,0,0,0,0,0,0,.000,0,0,0,0,0,1,0,0,.000
715,Jamey Wright,Dodgers,3,2,3,0,0,0,0,0,0,0,.000,0,0,0,0,1,0,0,0,.000
1051,Jake Peavy,Giants,8,9,10,0,0,0,0,0,0,0,.000,0,0,0,0,1,0,0,0,.000
1245,R.A. Dickey,Blue Jays,3,7,7,0,0,0,0,0,0,0,.000,0,0,0,0,0,0,0,0,.000
1581,Sean Doolittle,Athletics,1,1,1,0,0,0,0,0,0,0,.000,0,0,0,0,0,0,0,0,.000
1824,Humberto Quintero,Mariners,1,1,1,0,0,0,0,0,0,1,.000,0,0,0,0,0,0,0,0,.000
1837,Matt Belisle,Rockies,1,1,1,0,0,0,0,0,0,0,.000,0,0,0,0,0,0,0,0,.000
2072,Jeremy Guthrie,Royals,2,4,5,0,0,0,0,0,0,0,.000,0,0,0,0,1,0,0,0,.000
2179,Ronny Cedeno,Phillies,5,7,7,0,0,0,0,0,0,0,.000,0,0,0,0,0,0,0,0,.000
2717,Rick Porcello,Tigers,1,2,3,0,0,0,0,0,0,0,.000,0,0,0,0,1,0,0,0,.000
2859,Ross Detwiler,Nationals,2,1,2,0,0,0,0,0,0,0,.000,0,0,0,0,1,0,0,0,.000
2873,Santiago Casilla,Giants,1,1,1,0,0,0,0,0,0,0,.000,0,0,0,0,0,0,0,0,.000
2882,Luis Avilan,Braves,1,0,1,0,0,0,0,0,0,0,.000,0,0,0,0,1,0,0,0,.000
3137,Max Scherzer,Tigers,2,1,3,0,0,0,0,0,0,0,.000,0,0,0,0,2,0,0,0,.000
3184,David Price,Rays,1,2,2,0,0,0,0,0,0,0,.000,0,0,0,0,0,0,0,0,.000
3196,Chris Young,Mariners,1,1,1,0,0,0,0,0,0,0,.000,0,0,0,0,0,0,0,0,.000
3220,Jean Machi,Giants,2,1,2,0,0,0,0,0,0,0,.000,0,0,0,0,1,0,0,0,.000
3237,T.J. McFarland,Orioles,1,0,1,0,0,0,0,0,0,0,.000,0,0,0,0,1,0,0,0,.000
3283,Hiroki Kuroda,Yankees,1,3,3,0,0,0,0,0,0,0,.000,0,0,0,0,0,0,0,0,.000
3292,Hector Noesi,White Sox,2,3,3,0,0,0,0,0,0,0,.000,0,0,0,0,0,0,0,0,.000
3299,Chris Hatcher,Marlins,1,1,1,0,0,0,0,0,0,0,.000,0,0,0,0,0,0,0,0,.000
3374,Ubaldo Jimenez,Orioles,1,1,1,0,0,0,0,0,0,0,.000,0,0,0,0,0,0,0,0,.000
3542,Danny Duffy,Royals,3,3,4,0,0,0,0,0,0,0,.000,0,0,0,0,1,0,0,0,.000
3547,Carlos Frias,Dodgers,3,3,3,0,0,0,0,0,0,0,.000,0,0,0,0,0,0,0,0,.000
3731,Brandon League,Dodgers,1,1,1,0,0,0,0,0,0,0,.000,0,0,0,0,0,0,0,0,.000
3777,Felipe Paulino,White Sox,1,1,1,0,0,0,0,0,0,0,.000,0,0,0,0,0,1,0,0,.000
3840,Zach Duke,Brewers,1,0,1,0,0,0,0,0,0,0,.000,0,0,0,0,1,0,0,0,.000
3862,Rubby de la Rosa,Red Sox,1,2,2,0,0,0,0,0,0,0,.000,0,0,0,0,0,0,0,0,.000
4055,Eury De la Rosa,Diamondbacks,1,0,1,0,0,0,0,0,0,0,.000,0,0,0,0,1,0,0,0,.000
4089,James Russell,Braves,1,2,2,0,0,0,0,0,0,0,.000,0,0,0,0,0,0,0,0,.000
4138,Carlos Villanueva,Cubs,6,4,7,0,0,0,0,0,0,0,.000,0,0,0,0,3,1,0,0,.000
4235,Jered Weaver,Angels,1,1,1,0,0,0,0,0,0,0,.000,0,0,0,0,0,0,0,0,.000
4420,Brad Mills,Athletics,1,2,2,0,0,0,0,0,0,0,.000,0,0,0,0,0,1,0,0,.000
4464,Mike Baxter,Dodgers,3,5,5,0,0,0,0,0,0,0,.000,0,0,0,0,0,1,0,0,.000
4611,Jason Pridie,Rockies,2,2,2,0,0,0,0,0,0,0,.000,0,0,0,0,0,0,0,0,.000
4772,Felix Hernandez,Mariners,1,2,3,0,0,0,0,0,0,0,.000,0,0,0,0,1,0,0,0,.000
4776,Matt Shoemaker,Angels,1,0,1,0,0,0,0,0,0,0,.000,0,0,0,0,1,0,0,0,.000
4878,Brandon Maurer,Mariners,1,1,2,0,0,0,0,0,0,0,.000,0,0,0,0,1,0,0,0,.000
4897,Scott Kazmir,Athletics,2,3,3,0,0,0,0,0,0,0,.000,0,0,0,0,0,0,0,0,.000
4930,Jon Lester,- - -,2,2,2,0,0,0,0,0,0,0,.000,0,0,0,0,0,0,0,0,.000
5028,Bo Schultz,Diamondbacks,1,1,1,0,0,0,0,0,0,0,.000,0,0,0,0,0,0,0,0,.000
5053,Tony Abreu,Giants,2,4,4,0,0,0,0,0,0,0,.000,0,0,0,0,0,1,0,0,.000
5231,Vin Mazzaro,Pirates,1,1,1,0,0,0,0,0,0,0,.000,0,0,0,0,0,0,0,0,.000
5248,Alexi Casilla,Orioles,1,3,3,0,0,0,0,0,0,0,.000,0,0,0,0,0,0,0,0,.000
5279,Chris Tillman,Orioles,2,2,3,0,0,0,0,0,0,0,.000,0,0,0,0,1,0,0,0,.000
5556,Jair Jurrjens,Rockies,2,1,2,0,0,0,0,0,0,0,.000,0,0,0,0,1,0,0,0,.000
6003,Jose Constanza,Braves,3,3,3,0,0,0,0,0,0,0,.000,0,0,0,0,0,0,0,0,.000
6109,Joe Wieland,Padres,1,1,1,0,0,0,0,0,0,0,.000,0,0,0,0,0,0,0,0,.000
6316,David Phelps,Yankees,2,3,4,0,0,0,0,0,0,0,.000,0,0,0,0,1,0,0,0,.000
6317,Esmil Rogers,Blue Jays,1,1,1,0,0,0,0,0,0,0,.000,0,0,0,0,0,0,0,0,.000
6345,Chris Archer,Rays,1,2,2,0,0,0,0,0,0,0,.000,0,0,0,0,0,0,0,0,.000
6397,Jake Odorizzi,Rays,2,1,2,0,0,0,0,0,0,1,.000,0,0,0,0,1,0,0,0,.000
6415,Stolmy Pimentel,Pirates,2,2,2,0,0,0,0,0,0,0,.000,0,0,0,0,0,0,0,0,.000
6627,Brad Brach,Orioles,2,1,2,0,0,0,0,0,0,0,.000,0,0,0,0,1,0,0,0,.000
6819,Robbie Ross Jr.,Rangers,1,1,1,0,0,0,0,0,0,0,.000,0,0,0,0,0,0,0,0,.000
6865,Jeff Manship,Phillies,1,2,2,0,0,0,0,0,0,0,.000,0,0,0,0,0,0,0,0,.000
6902,Martin Perez,Rangers,1,0,1,0,0,0,0,0,0,0,.000,0,0,0,0,1,0,0,0,.000
7024,Miguel Gonzalez,Orioles,2,3,3,0,0,0,0,0,0,0,.000,0,0,0,0,0,0,0,0,.000
7106,Jonathan Pettibone,Phillies,1,1,1,0,0,0,0,0,0,0,.000,0,0,0,0,0,0,0,0,.000
7450,Phil Hughes,Twins,2,2,2,0,0,0,0,0,0,0,.000,0,0,0,0,0,0,0,0,.000
7531,Collin McHugh,Astros,1,2,3,0,0,0,0,0,0,0,.000,0,0,0,0,1,0,0,0,.000
7608,Tommy Milone,Athletics,2,3,3,0,0,0,0,0,0,0,.000,0,0,0,0,0,0,0,0,.000
7624,Carlos Torres,Mets,2,1,2,0,0,0,0,0,0,0,.000,0,0,0,0,1,0,0,0,.000
7725,David Holmberg,Reds,3,3,5,0,0,0,0,0,0,0,.000,0,0,0,0,2,0,0,0,.000
7772,Matt Hague,Pirates,1,1,1,0,0,0,0,0,0,0,.000,0,0,0,0,0,1,0,0,.000
7799,Joey Butler,Cardinals,2,2,2,0,0,0,0,0,0,0,.000,0,0,0,0,0,0,0,0,.000
7945,Jaff Decker,Pirates,2,2,2,0,0,0,0,0,0,0,.000,0,0,0,0,0,0,0,0,.000
7989,Guillermo Quiroz,Giants,1,3,3,0,0,0,0,0,0,0,.000,0,0,0,0,0,0,0,0,.000
8077,Stephen Fife,Dodgers,1,2,2,0,0,0,0,0,0,0,.000,0,0,0,0,0,0,0,0,.000
8182,Nick Greenwood,Cardinals,6,5,6,0,0,0,0,0,0,0,.000,0,0,0,0,1,0,0,0,.000
8253,Billy Buckner,Padres,1,1,1,0,0,0,0,0,0,0,.000,0,0,0,0,0,0,0,0,.000
8404,Alfredo Figaro,Brewers,1,1,1,0,0,0,0,0,0,0,.000,0,0,0,0,0,0,0,0,.000
8476,Jenrry Mejia,Mets,6,9,10,0,0,0,0,0,0,0,.000,0,0,0,0,1,0,0,0,.000
8600,Dustin McGowan,Blue Jays,1,1,1,0,0,0,0,0,0,0,.000,0,0,0,0,0,0,0,0,.000
8631,Cord Phelps,Orioles,3,3,3,0,0,0,0,0,0,0,.000,0,0,0,0,0,1,0,0,.000
8678,Paul Maholm,Dodgers,5,3,8,0,0,0,0,0,0,0,.000,0,0,0,0,5,0,0,0,.000
8848,Ali Solis,Rays,1,2,3,0,0,0,0,0,0,1,.000,0,0,0,0,1,0,0,0,.000
8879,Ryan Lavarnway,Red Sox,5,6,6,0,0,0,0,0,0,0,.000,0,0,0,0,0,1,0,0,.000
9137,Sean O'Sullivan,Phillies,1,1,1,0,0,0,0,0,0,0,.000,0,0,0,0,0,0,0,0,.000
9325,Jared Hughes,Pirates,1,1,1,0,0,0,0,0,0,0,.000,0,0,0,0,0,0,0,0,.000
9414,Quintin Berry,Orioles,1,1,1,0,0,0,0,0,0,0,.000,0,0,0,0,0,0,0,0,.000
9434,Dallas Keuchel,Astros,1,1,1,0,0,0,0,0,0,0,.000,0,0,0,0,0,0,0,0,.000
9486,George Kontos,Giants,2,1,2,0,0,0,0,0,0,0,.000,0,0,0,0,1,0,0,0,.000
9492,Bud Norris,Orioles,2,1,2,0,0,0,0,0,0,0,.000,0,0,0,0,1,0,0,0,.000
9591,Jeff Kobernus,Nationals,2,5,5,0,0,0,0,0,0,0,.000,0,0,0,0,0,0,0,0,.000
9632,Brett Jackson,Diamondbacks,3,3,3,0,0,0,0,0,0,0,.000,0,0,0,0,0,0,0,0,.000
9718,Chris Dominguez,Giants,7,12,12,0,0,0,0,0,0,0,.000,0,0,0,0,0,2,0,0,.000
9784,Garrett Richards,Angels,4,7,7,0,0,0,0,0,0,0,.000,0,0,0,0,0,1,0,0,.000
9803,Miles Mikolas,Rangers,1,1,2,0,0,0,0,0,0,0,.000,0,0,0,0,1,0,0,0,.000
9871,Bryan Anderson,Athletics,1,1,1,0,0,0,0,0,0,0,.000,0,0,0,0,0,1,0,0,.000
9895,Chris Rusin,Cubs,2,2,2,0,0,0,0,0,0,0,.000,0,0,0,0,0,0,0,0,.000
9918,Kevin Slowey,Marlins,3,3,3,0,0,0,0,0,0,0,.000,0,0,0,0,0,0,0,0,.000
9943,Todd Redmond,Blue Jays,1,1,2,0,0,0,0,0,0,0,.000,0,0,0,0,1,0,0,0,.000
10066,Ian Krol,Tigers,1,1,1,0,0,0,0,0,0,0,.000,0,0,0,0,0,0,0,0,.000
10133,Brad Boxberger,Rays,1,1,1,0,0,0,0,0,0,0,.000,0,0,0,0,0,0,0,0,.000
10190,Tyler Skaggs,Angels,1,1,1,0,0,0,0,0,0,0,.000,0,0,0,0,0,0,0,0,.000
10314,Erasmo Ramirez,Mariners,2,1,2,0,0,0,0,0,0,0,.000,0,0,0,0,1,0,0,0,.000
10332,Nick Christiani,Reds,1,1,1,0,0,0,0,0,0,0,.000,0,0,0,0,0,0,0,0,.000
10348,Domingo Santana,Astros,3,3,3,0,0,0,0,0,0,0,.000,0,0,0,0,0,0,0,0,.000
10416,Wilfredo Tovar,Mets,2,3,3,0,0,0,0,0,0,0,.000,0,0,0,0,0,0,0,0,.000
10587,Chad Bettis,Rockies,2,2,2,0,0,0,0,0,0,0,.000,0,0,0,0,0,0,0,0,.000
10603,Chris Sale,White Sox,1,1,1,0,0,0,0,0,0,0,.000,0,0,0,0,0,0,0,0,.000
10688,Tyler Thornburg,Brewers,1,1,1,0,0,0,0,0,0,0,.000,0,0,0,0,0,0,0,0,.000
10767,Lane Adams,Royals,1,1,1,0,0,0,0,0,0,0,.000,0,0,0,0,0,0,0,0,.000
10962,Jake Buchanan,Astros,1,1,1,0,0,0,0,0,0,0,.000,0,0,0,0,0,0,0,0,.000
11157,Eric Jokisch,Cubs,3,2,4,0,0,0,0,0,0,0,.000,0,0,0,0,2,0,0,0,.000
11270,Aaron Altherr,Phillies,2,3,3,0,0,0,0,0,0,0,.000,0,0,0,0,0,0,0,0,.000
11334,Tyler Lyons,Cardinals,2,2,2,0,0,0,0,0,0,0,.000,0,0,0,0,0,1,0,0,.000
11384,Tommy Kahnle,Rockies,3,2,3,0,0,0,0,0,0,0,.000,0,0,0,0,1,0,0,0,.000
11423,Jose Quintana,White Sox,3,5,6,0,0,0,0,0,0,0,.000,0,0,0,0,1,0,0,0,.000
11424,Anthony Ranaudo,Red Sox,2,2,2,0,0,0,0,0,0,0,.000,0,0,0,0,0,0,0,0,.000
11428,Brandon Workman,Red Sox,1,0,1,0,0,0,0,0,0,0,.000,0,0,0,0,1,0,0,0,.000
11710,Sam Dyson,Marlins,1,1,1,0,0,0,0,0,0,0,.000,0,0,0,0,0,0,0,0,.000
11720,Justin Grimm,Cubs,1,1,1,0,0,0,0,0,0,0,.000,0,0,0,0,0,0,0,0,.000
11828,James Paxton,Mariners,1,0,1,0,0,0,0,0,0,0,.000,0,0,0,0,1,0,0,0,.000
12027,Brian Flynn,Marlins,2,2,2,0,0,0,0,0,0,0,.000,0,0,0,0,0,0,0,0,.000
12095,Yimi Garcia,Dodgers,1,1,1,0,0,0,0,0,0,0,.000,0,0,0,0,0,0,0,0,.000
12385,Nick Tropeano,Astros,1,1,1,0,0,0,0,0,0,0,.000,0,0,0,0,0,0,0,0,.000
12520,Erik Johnson,White Sox,1,3,3,0,0,0,0,0,0,0,.000,0,0,0,0,0,0,0,0,.000
12673,Roenis Elias,Mariners,2,3,3,0,0,0,0,0,0,0,.000,0,0,0,0,0,0,0,0,.000
12730,Nick Martinez,Rangers,1,1,1,0,0,0,0,0,0,0,.000,0,0,0,0,0,0,0,0,.000
12760,Rafael Montero,Mets,5,6,8,0,0,0,0,0,0,0,.000,0,0,0,0,2,0,0,0,.000
12768,Sonny Gray,Athletics,2,1,3,0,0,0,0,0,0,0,.000,0,0,0,0,2,0,0,0,.000
13048,Hisashi Iwakuma,Mariners,2,1,2,0,0,0,0,0,0,0,.000,0,0,0,0,1,0,0,0,.000
13453,Eddie Butler,Rockies,2,3,3,0,0,0,0,0,0,0,.000,0,0,0,0,0,0,0,0,.000
13658,Terrance Gore,Royals,1,1,1,0,0,0,0,0,0,0,.000,0,0,0,0,0,0,0,0,.000
14107,Kevin Gausman,Orioles,1,1,1,0,0,0,0,0,0,0,.000,0,0,0,0,0,0,0,0,.000
15423,Andrew Heaney,Marlins,4,5,6,0,0,0,0,0,0,0,.000,0,0,0,0,1,0,0,0,.000
16017,Odrisamer Despaigne,Padres,13,14,17,0,0,0,0,0,0,0,.000,0,0,0,0,3,0,0,0,.000
