2554,Chris Parmelee,Yankees,1,1,1,1,0,1,0,0,0,0,1.000,0,0,0,0,0,0,0,0,1.000
3201,Francisco Liriano,Pirates,1,1,1,1,1,0,0,0,0,0,1.000,0,0,0,0,0,0,0,0,1.000
4153,Jake Arrieta,Cubs,1,1,1,1,1,0,0,0,0,1,1.000,0,0,0,0,0,0,0,0,1.000
4900,Robert Andino,Marlins,1,1,1,1,1,0,0,0,0,1,1.000,0,0,0,0,0,0,0,0,1.000
5097,Anthony Gose,Tigers,2,3,3,3,3,0,0,0,0,0,1.000,0,0,0,0,0,0,0,0,1.000
5305,Alex Presley,Brewers,1,1,1,1,1,0,0,0,0,0,1.000,0,0,0,0,0,0,0,0,1.000
5384,Juan Lagares,Mets,1,1,1,1,1,0,0,0,0,0,1.000,0,0,0,0,0,0,0,0,1.000
6938,Eric Campbell,Mets,1,1,1,1,1,0,0,0,0,0,1.000,0,0,0,0,0,0,0,0,1.000
7412,Paul Janish,Orioles,1,1,1,1,1,0,0,0,0,0,1.000,0,0,0,0,0,0,0,0,1.000
7706,Kyle Jensen,Diamondbacks,1,1,1,1,1,0,0,0,0,1,1.000,0,0,0,0,0,0,0,0,1.000
8298,Francisco Pena,Orioles,1,1,1,1,1,0,0,0,0,1,1.000,0,0,0,0,0,0,0,0,1.000
9328,Drew Stubbs,Orioles,1,1,1,1,1,0,0,0,0,0,1.000,0,0,0,0,0,0,0,0,1.000
10961,Colin Walsh,Brewers,1,1,1,1,1,0,0,0,0,0,1.000,0,0,0,0,0,0,0,0,1.000
11863,Yadiel Rivera,Brewers,2,2,2,2,0,2,0,0,0,0,1.000,0,0,0,0,0,0,0,0,1.000
12495,T.J. Rivera,Mets,2,2,2,2,2,0,0,0,0,0,1.000,0,0,0,0,0,0,0,0,1.000
12590,Taylor Featherston,Phillies,1,1,1,1,1,0,0,0,0,0,1.000,0,0,0,0,0,0,0,0,1.000
12957,Steve Selsky,Reds,2,2,2,2,1,1,0,0,0,0,1.000,0,0,0,0,0,0,0,0,1.000
13271,Richie Shaffer,Rays,1,1,1,1,1,0,0,0,0,0,1.000,0,0,0,0,0,0,0,0,1.000
13768,Travis Jankowski,Padres,1,1,1,1,1,0,0,0,0,0,1.000,0,0,0,0,0,0,0,0,1.000
13769,Raul Mondesi,Royals,1,1,1,1,1,0,0,0,0,0,1.000,0,0,0,0,0,0,0,0,1.000
13788,Matt Reynolds,Mets,2,3,3,3,2,1,0,0,0,1,1.000,0,0,0,0,0,0,0,0,1.000
18721,Guillermo Heredia,Mariners,1,1,1,1,0,1,0,0,0,1,1.000,0,0,0,0,0,0,0,0,1.000
11470,Tony Wolters,Rockies,5,5,5,4,4,0,0,0,0,1,.800,0,0,0,0,0,0,0,0,.800
5223,Cameron Maybin,Tigers,4,4,4,3,3,0,0,0,0,1,.750,0,0,0,0,0,0,0,0,.750
9774,Christian Vazquez,Red Sox,6,8,8,6,4,1,1,0,0,3,.750,0,0,0,0,0,0,0,0,.750
10473,Cheslor Cuthbert,Royals,2,4,4,3,3,0,0,0,0,1,.750,0,0,0,0,0,0,0,0,.750
15172,Tim Anderson,White Sox,4,4,4,3,1,1,1,0,0,0,.750,0,0,0,0,0,0,0,0,.750
3787,David Wright,Mets,4,7,7,5,1,4,0,0,0,2,.714,0,0,0,0,0,0,0,0,.714
1907,Andres Blanco,Phillies,2,3,3,2,2,0,0,0,0,1,.667,0,0,0,0,0,0,0,0,.667
4016,Jerry Sands,White Sox,3,3,3,2,2,0,0,0,0,0,.667,0,0,0,0,0,0,0,0,.667
6086,Casey McGehee,Tigers,3,3,3,2,2,0,0,0,0,0,.667,0,0,0,0,0,0,0,0,.667
6880,Nick Noonan,Padres,2,3,3,2,2,0,0,0,0,0,.667,0,0,0,0,0,0,0,0,.667
9253,Keon Broxton,Brewers,5,6,6,4,3,1,0,0,0,2,.667,0,0,0,0,0,0,0,0,.667
10199,Billy Hamilton,Reds,3,3,3,2,2,0,0,0,0,0,.667,0,0,0,0,0,0,0,0,.667
10231,Jose Iglesias,Tigers,2,3,3,2,2,0,0,0,0,0,.667,0,0,0,0,0,0,0,0,.667
13744,David Dahl,Rockies,10,12,12,8,8,0,0,0,0,2,.667,0,0,0,0,0,0,0,0,.667
13355,Luke Maile,Rays,7,8,8,5,5,0,0,0,0,4,.625,0,0,0,0,0,0,0,0,.625
10030,Chris Owings,Diamondbacks,5,5,5,3,1,1,1,0,0,2,.600,0,0,0,0,0,0,0,0,.600
2918,Angel Pagan,Giants,16,21,21,12,7,3,2,0,0,1,.571,0,0,0,0,0,0,0,0,.571
4229,Howie Kendrick,Dodgers,5,7,7,4,4,0,0,0,0,1,.571,0,0,0,0,0,0,0,0,.571
11339,Jake Marisnick,Astros,6,7,7,4,3,1,0,0,0,0,.571,0,0,0,0,0,0,0,0,.571
13154,Marco Hernandez,Red Sox,5,7,7,4,4,0,0,0,0,0,.571,0,0,0,0,0,0,0,0,.571
12409,Ryan Rua,Rangers,20,27,27,15,11,3,1,0,0,3,.556,0,0,0,0,0,1,0,0,.556
7949,Tim Beckham,Rays,9,11,11,6,3,1,2,0,0,2,.545,0,0,0,0,0,0,0,0,.545
1433,Wilson Ramos,Nationals,11,17,17,9,9,0,0,0,0,3,.529,0,0,0,0,0,1,0,0,.529
9218,Paul Goldschmidt,Diamondbacks,34,46,47,24,20,2,2,0,0,10,.522,0,0,0,1,0,0,0,0,.522
1159,Andrew Romine,Tigers,4,4,4,2,2,0,0,0,0,0,.500,0,0,0,0,0,0,0,0,.500
1201,Carl Crawford,Dodgers,1,2,2,1,1,0,0,0,0,0,.500,0,0,0,0,0,0,0,0,.500
2579,Carlos Ruiz,Phillies,4,6,6,3,3,0,0,0,0,1,.500,0,0,0,0,0,0,0,0,.500
2967,Tommy Pham,Cardinals,2,2,2,1,0,1,0,0,0,0,.500,0,0,0,0,0,0,0,0,.500
3298,Charlie Culberson,Dodgers,1,2,2,1,1,0,0,0,0,0,.500,0,0,0,0,0,0,0,0,.500
4063,Anthony Recker,Braves,5,8,8,4,3,1,0,0,0,1,.500,0,0,0,0,0,0,0,0,.500
4106,Michael Brantley,Indians,2,4,4,2,2,0,0,0,0,0,.500,0,0,0,0,0,0,0,0,.500
4177,Hernan Iribarren,Reds,5,6,6,3,3,0,0,0,0,0,.500,0,0,0,0,0,0,0,0,.500
4626,James Beresford,Twins,1,2,2,1,1,0,0,0,0,0,.500,0,0,0,0,0,0,0,0,.500
5133,Alexei Ramirez,- - -,12,14,14,7,6,1,0,0,0,6,.500,0,0,0,0,0,0,0,0,.500
5398,Juan Graterol,Angels,2,2,2,1,1,0,0,0,0,0,.500,0,0,0,0,0,0,0,0,.500
5491,Austin Romine,Yankees,6,8,8,4,2,2,0,0,0,3,.500,0,0,0,0,0,0,0,0,.500
5888,Cole Gillespie,Marlins,2,2,2,1,1,0,0,0,0,1,.500,0,0,0,0,0,0,0,0,.500
7007,Yadier Molina,Cardinals,6,6,6,3,2,1,0,0,0,1,.500,0,0,0,0,0,0,0,0,.500
7290,Jake Elmore,Brewers,3,4,4,2,2,0,0,0,0,0,.500,0,0,0,0,0,0,0,0,.500
7324,Chris Gimenez,Indians,5,6,6,3,2,1,0,0,0,1,.500,0,0,0,0,0,0,0,0,.500
7802,Miguel Rojas,Marlins,2,2,2,1,1,0,0,0,0,0,.500,0,0,0,0,0,1,0,0,.500
9433,Dustin Garneau,Rockies,3,4,4,2,2,0,0,0,0,1,.500,0,0,0,0,0,0,0,0,.500
10807,Tyler Saladino,White Sox,5,6,6,3,3,0,0,0,0,3,.500,0,0,0,0,0,0,0,0,.500
11255,Matt Szczur,Cubs,7,8,8,4,3,1,0,0,0,0,.500,0,0,0,0,0,1,0,0,.500
11850,Tyler Austin,Yankees,3,4,4,2,2,0,0,0,0,0,.500,0,0,0,0,0,0,0,0,.500
12701,Billy Burns,Athletics,6,6,6,3,2,1,0,0,0,0,.500,0,0,0,0,0,0,0,0,.500
13414,Andrew Toles,Dodgers,2,2,2,1,1,0,0,0,0,0,.500,0,0,0,0,0,0,0,0,.500
13895,Trevor Brown,Giants,4,6,6,3,2,1,0,0,0,0,.500,0,0,0,0,0,0,0,0,.500
14158,Mac Williamson,Giants,2,2,2,1,1,0,0,0,0,0,.500,0,0,0,0,0,0,0,0,.500
14282,Jason Coats,White Sox,1,2,2,1,0,1,0,0,0,0,.500,0,0,0,0,0,0,0,0,.500
15223,Adam Frazier,Pirates,4,4,4,2,2,0,0,0,0,0,.500,0,0,0,0,0,0,0,0,.500
6848,Eduardo Nunez,Twins,8,17,16,8,7,1,0,0,0,2,.471,0,0,0,0,0,0,0,0,.471
15447,Ryon Healy,Athletics,22,34,34,16,13,3,0,0,0,3,.471,0,0,0,0,0,0,0,0,.471
6589,Sean Rodriguez,Pirates,12,15,15,7,6,1,0,0,0,2,.467,0,0,0,0,0,0,0,0,.467
16252,Trea Turner,Nationals,11,15,15,7,5,1,1,0,0,0,.467,0,0,0,0,0,0,0,0,.467
13510,Jose Ramirez,Indians,17,24,24,11,8,3,0,0,0,0,.458,0,0,0,0,0,0,0,0,.458
11270,Aaron Altherr,Phillies,10,11,11,5,5,0,0,0,0,1,.455,0,0,0,0,0,0,0,0,.455
3376,Nick Hundley,Rockies,13,18,18,8,6,2,0,0,0,1,.444,0,0,0,0,0,0,0,0,.444
4792,Jeff Francoeur,Braves,9,9,9,4,4,0,0,0,0,1,.444,0,0,0,0,0,0,0,0,.444
9241,Starling Marte,Pirates,16,27,27,12,8,4,0,0,0,3,.444,0,0,0,0,0,0,0,0,.444
14161,Byron Buxton,Twins,7,9,9,4,3,0,1,0,0,1,.444,0,0,0,0,0,0,0,0,.444
8259,Kurt Suzuki,Twins,19,34,34,15,9,6,0,0,0,4,.441,0,0,0,0,0,1,0,0,.441
11609,Willson Contreras,Cubs,22,25,25,11,9,2,0,0,0,3,.440,0,0,0,0,0,1,0,0,.440
11737,Nick Castellanos,Tigers,27,41,41,18,14,4,0,0,0,2,.439,0,0,0,0,0,0,0,0,.439
7870,Jonathan Lucroy,- - -,14,16,16,7,4,2,1,0,0,4,.438,0,0,0,0,0,0,0,0,.438
8347,Denard Span,Giants,22,48,48,21,16,5,0,0,0,7,.438,0,0,0,0,0,0,0,0,.438
13611,Mookie Betts,Red Sox,28,46,47,20,15,3,2,0,0,2,.435,0,0,0,1,0,0,0,0,.435
4251,Stephen Drew,Nationals,31,49,49,21,13,7,1,0,0,4,.429,0,0,0,0,0,1,0,0,.429
4712,Ben Revere,Nationals,5,7,7,3,3,0,0,0,0,0,.429,0,0,0,0,0,0,0,0,.429
5275,Francisco Cervelli,Pirates,5,7,7,3,3,0,0,0,0,0,.429,0,0,0,0,0,1,0,0,.429
5486,Abraham Almonte,Indians,7,7,7,3,0,3,0,0,0,1,.429,0,0,0,1,0,0,0,0,.429
6310,Alcides Escobar,Royals,5,7,7,3,2,1,0,0,0,0,.429,0,0,0,0,0,0,0,0,.429
11615,Brandon Drury,Diamondbacks,19,28,28,12,8,4,0,0,0,4,.429,0,0,0,0,0,1,0,0,.429
13777,Adonis Garcia,Braves,8,14,14,6,4,2,0,0,0,4,.429,0,0,0,0,0,0,0,0,.429
5273,Sandy Leon,Red Sox,44,75,75,32,23,8,1,0,0,4,.427,0,0,0,0,0,2,0,0,.427
9284,Chris Herrmann,Diamondbacks,29,61,61,26,20,2,4,0,0,9,.426,0,0,0,0,0,0,0,0,.426
5297,Aaron Hicks,Yankees,24,33,33,14,13,1,0,0,0,0,.424,0,0,0,0,0,0,0,0,.424
5417,Jose Altuve,Astros,23,38,38,16,13,3,0,0,0,4,.421,0,0,0,0,0,0,0,0,.421
5235,Justin Turner,Dodgers,26,31,31,13,12,1,0,0,0,4,.419,0,0,0,0,0,0,0,0,.419
3707,Geovany Soto,Angels,9,17,17,7,6,1,0,0,0,1,.412,0,0,0,0,0,0,0,0,.412
18718,Hyun Soo Kim,Orioles,45,105,105,43,36,7,0,0,0,5,.410,0,0,0,0,0,2,0,0,.410
2218,Ryan Raburn,Rockies,15,22,22,9,8,1,0,0,0,0,.409,0,0,0,0,0,0,0,0,.409
4191,Yunel Escobar,Angels,19,27,27,11,10,1,0,0,0,1,.407,0,0,0,0,0,0,0,0,.407
3410,Ryan Braun,Brewers,23,37,37,15,11,4,0,0,0,2,.405,0,0,0,0,0,0,0,0,.405
3648,Rene Rivera,Mets,5,5,5,2,1,1,0,0,0,0,.400,0,0,0,0,0,0,0,0,.400
4881,Carlos Gomez,- - -,16,25,25,10,7,3,0,0,0,1,.400,0,0,0,0,0,1,0,0,.400
9848,Austin Jackson,White Sox,5,5,5,2,1,1,0,0,0,1,.400,0,0,0,0,0,0,0,0,.400
9954,Darrell Ceciliani,Blue Jays,3,5,5,2,1,1,0,0,0,1,.400,0,0,0,0,0,0,0,0,.400
10556,Cesar Hernandez,Phillies,9,10,10,4,3,1,0,0,0,1,.400,0,0,0,0,0,0,0,0,.400
11402,Kyle Waldrop,Reds,5,5,5,2,2,0,0,0,0,1,.400,0,0,0,0,0,0,0,0,.400
12164,Miguel Sano,Twins,46,75,76,30,24,5,1,0,0,13,.400,0,0,0,1,0,2,0,0,.400
12861,Anthony Rendon,Nationals,10,20,20,8,7,1,0,0,0,3,.400,0,0,0,0,0,0,0,0,.400
13866,Bruce Maxwell III,Athletics,19,30,30,12,8,4,0,0,0,4,.400,0,0,0,0,0,0,0,0,.400
14109,Albert Almora,Cubs,5,5,5,2,2,0,0,0,0,0,.400,0,0,0,0,0,0,0,0,.400
15119,Jordan Patterson,Rockies,4,5,5,2,2,0,0,0,0,1,.400,0,0,0,0,0,0,0,0,.400
17901,Andrew Benintendi,Red Sox,12,20,20,8,5,3,0,0,0,0,.400,0,0,0,0,0,0,0,0,.400
4062,Dexter Fowler,Cubs,54,88,88,35,23,9,3,0,0,4,.398,0,0,0,0,0,1,0,0,.398
639,Adrian Beltre,Rangers,41,63,63,25,18,7,0,0,0,5,.397,0,0,0,0,0,1,0,0,.397
7859,Charlie Blackmon,Rockies,32,51,51,20,11,9,0,0,0,5,.392,0,0,0,0,0,0,0,0,.392
9399,Jeremy Hazelbaker,Cardinals,14,18,18,7,5,2,0,0,0,2,.389,0,0,0,0,0,0,0,0,.389
10071,Jonathan Villar,Brewers,15,18,18,7,6,1,0,0,0,1,.389,0,0,0,0,0,1,0,0,.389
11846,Leonys Martin,Mariners,40,54,54,21,16,2,3,0,0,1,.389,0,0,0,0,0,1,0,0,.389
5343,Brandon Crawford,Giants,56,106,106,41,32,6,3,0,0,9,.387,0,0,0,0,0,1,0,0,.387
3797,J.J. Hardy,Orioles,25,44,44,17,15,2,0,0,0,6,.386,0,0,0,0,0,0,0,0,.386
950,Marlon Byrd,Indians,10,13,13,5,4,1,0,0,0,0,.385,0,0,0,0,0,0,0,0,.385
6387,Michael Bourn,- - -,10,13,13,5,4,1,0,0,0,1,.385,0,0,0,0,0,0,0,0,.385
6547,Jordy Mercer,Pirates,13,13,13,5,3,1,1,0,0,2,.385,0,0,0,0,0,0,0,0,.385
9308,Josh Phegley,Athletics,9,13,13,5,3,2,0,0,0,0,.385,0,0,0,0,0,0,0,0,.385
9549,David Freese,Pirates,12,13,13,5,4,1,0,0,0,3,.385,0,0,0,0,0,1,0,0,.385
11477,Christian Yelich,Marlins,22,34,34,13,9,4,0,0,0,6,.382,0,0,0,0,0,2,0,0,.382
4314,Joey Votto,Reds,107,231,232,88,66,20,2,0,0,17,.381,0,0,0,1,0,10,0,0,.381
18722,Dae-Ho Lee,Mariners,18,21,21,8,8,0,0,0,0,4,.381,0,0,0,0,0,0,0,0,.381
5667,Steven Souza Jr.,Rays,19,29,29,11,9,2,0,0,0,2,.379,0,0,0,0,0,0,0,0,.379
3123,Gregor Blanco,Giants,10,16,16,6,6,0,0,0,0,2,.375,0,0,0,0,0,0,0,0,.375
3441,Nolan Reimold,Orioles,9,16,16,6,3,3,0,0,0,0,.375,0,0,0,0,0,1,0,0,.375
4922,Ender Inciarte,Braves,6,8,8,3,2,1,0,0,0,0,.375,0,0,0,0,0,0,0,0,.375
7888,Ryan Flaherty,Orioles,24,32,32,12,9,3,0,0,0,2,.375,0,0,0,0,0,0,0,0,.375
8709,Elvis Andrus,Rangers,11,16,16,6,3,2,1,0,0,2,.375,0,0,0,0,0,1,0,0,.375
12859,James McCann,Tigers,10,16,16,6,5,1,0,0,0,1,.375,0,0,0,0,0,0,0,0,.375
13152,Jorge Polanco,Twins,16,24,25,9,8,1,0,0,0,0,.375,0,0,0,0,1,0,0,0,.375
13176,Blake Swihart,Red Sox,4,8,8,3,1,0,2,0,0,2,.375,0,0,0,0,0,0,0,0,.375
16909,Colin Moran,Astros,4,8,8,3,2,1,0,0,0,2,.375,0,0,0,0,0,1,0,0,.375
5361,Freddie Freeman,Braves,143,326,328,122,82,34,6,0,0,23,.374,0,0,0,2,0,10,0,0,.374
15676,Jose Abreu,White Sox,33,51,51,19,16,3,0,0,0,6,.373,0,0,0,0,0,0,0,0,.373
6364,Danny Valencia,Athletics,52,92,92,34,27,7,0,0,0,5,.370,0,0,0,0,0,1,0,0,.370
10047,Wil Myers,Padres,41,65,65,24,17,6,1,0,0,8,.369,0,0,0,0,0,0,0,0,.369
4418,Jed Lowrie,Athletics,47,103,104,38,32,6,0,0,0,5,.369,0,0,0,1,0,2,0,0,.369
5751,Hernan Perez,Brewers,15,19,19,7,5,2,0,0,0,2,.368,0,0,0,0,0,0,0,0,.368
6887,Martin Maldonado,Brewers,15,19,19,7,6,1,0,0,0,1,.368,0,0,0,0,0,0,0,0,.368
10882,Jared Hoying,Rangers,15,19,19,7,6,1,0,0,0,3,.368,0,0,0,0,0,0,0,0,.368
12723,Tyler Collins,Tigers,13,19,19,7,6,0,1,0,0,0,.368,0,0,0,0,0,0,0,0,.368
9345,Brock Holt,Red Sox,20,30,32,11,6,5,0,0,0,3,.367,0,0,0,2,0,1,0,0,.367
6368,Adam Jones,Orioles,38,63,64,23,19,4,0,0,0,6,.365,0,0,0,1,0,0,0,0,.365
6184,J.D. Martinez,Tigers,44,74,74,27,22,5,0,0,0,3,.365,0,0,0,0,0,1,0,0,.365
6885,Ian Desmond,Rangers,15,22,22,8,8,0,0,0,0,0,.364,0,0,0,0,0,0,0,0,.364
10348,Domingo Santana,Brewers,8,11,11,4,3,1,0,0,0,3,.364,0,0,0,0,0,0,0,0,.364
11287,Bryan Holaday,- - -,8,11,11,4,3,1,0,0,0,1,.364,0,0,0,0,0,0,0,0,.364
7287,Carlos Gonzalez,Rockies,132,344,344,125,89,35,1,0,0,31,.363,0,0,0,0,0,9,0,0,.363
9957,Steve Pearce,- - -,34,58,58,21,14,6,1,0,0,6,.362,0,0,0,0,0,0,0,0,.362
12155,Eddie Rosario,Twins,28,53,54,19,12,7,0,0,0,3,.358,0,0,0,1,0,2,0,0,.358
12552,Eugenio Suarez,Reds,51,84,85,30,25,3,2,0,0,7,.357,0,0,0,1,0,0,0,0,.357
13145,Josh Bell,Pirates,16,28,30,10,7,3,0,0,0,5,.357,0,0,0,2,0,0,0,0,.357
4316,Daniel Murphy,Nationals,66,127,127,45,31,13,1,0,0,8,.354,0,0,0,0,0,0,0,0,.354
14553,Nomar Mazara,Rangers,99,185,186,65,56,6,3,0,0,12,.351,0,0,0,1,0,2,0,0,.351
8267,Chris Iannetta,Mariners,28,49,49,17,13,4,0,0,0,3,.347,0,0,0,0,0,0,0,0,.347
1572,Coco Crisp,Athletics,33,61,61,21,14,5,2,0,0,8,.344,0,0,0,0,0,0,0,0,.344
12979,Javier Baez,Cubs,58,93,93,32,24,8,0,0,0,5,.344,0,0,0,0,0,0,0,0,.344
7619,Mark Reynolds,Rockies,62,102,102,35,24,11,0,0,0,12,.343,0,0,0,0,0,1,0,0,.343
5254,Robbie Grossman,Twins,22,35,35,12,9,3,0,0,0,3,.343,0,0,0,0,0,1,0,0,.343
7476,Alex Avila,White Sox,42,73,74,25,20,5,0,0,0,3,.342,0,0,0,1,0,2,0,0,.342
10264,Brandon Belt,Giants,142,313,313,107,66,34,7,0,0,29,.342,0,0,0,0,0,4,0,0,.342
2434,Nelson Cruz,Mariners,79,129,130,44,33,11,0,0,0,14,.341,0,0,0,1,0,2,0,0,.341
11265,Jonathan Schoop,Orioles,28,47,47,16,14,2,0,0,0,3,.340,0,0,0,0,0,1,0,0,.340
8090,Matt Carpenter,Cardinals,89,200,202,68,42,21,5,0,0,19,.340,0,0,0,2,0,1,0,0,.340
7539,Neil Walker,Mets,67,130,131,44,41,2,1,0,0,7,.338,0,0,0,1,0,7,0,0,.338
589,Carlos Beltran,- - -,118,275,275,92,69,23,0,0,0,21,.335,0,0,0,0,0,10,0,0,.335
198,Danny Worth,Astros,2,3,3,1,1,0,0,0,0,0,.333,0,0,0,0,0,0,0,0,.333
1609,Omar Infante,Royals,3,3,3,1,1,0,0,0,0,0,.333,0,0,0,0,0,0,0,0,.333
1965,Desmond Jennings,Rays,2,3,3,1,1,0,0,0,0,0,.333,0,0,0,0,0,0,0,0,.333
2578,Peter Bourjos,Phillies,3,3,3,1,1,0,0,0,0,0,.333,0,0,0,0,0,0,0,0,.333
3256,Welington Castillo,Diamondbacks,36,60,60,20,15,5,0,0,0,7,.333,0,0,0,0,0,1,0,0,.333
5247,Brett Lawrie,White Sox,10,12,12,4,3,1,0,0,0,1,.333,0,0,0,0,0,0,0,0,.333
5352,Yangervis Solarte,Padres,61,129,130,43,36,6,1,0,0,15,.333,0,0,0,1,0,2,0,0,.333
8001,Hanley Ramirez,Red Sox,23,36,36,12,10,2,0,0,0,2,.333,0,0,0,0,0,1,0,0,.333
8433,Ike Davis,Yankees,3,6,6,2,2,0,0,0,0,1,.333,0,0,0,0,0,0,0,0,.333
8623,Donovan Solano,Yankees,2,3,3,1,0,1,0,0,0,0,.333,0,0,0,0,0,0,0,0,.333
9063,Alexi Amarista,Padres,4,6,6,2,2,0,0,0,0,0,.333,0,0,0,0,0,0,0,0,.333
9077,Lorenzo Cain,Royals,6,6,6,2,2,0,0,0,0,1,.333,0,0,0,0,0,0,0,0,.333
9807,Ryan Goins,Blue Jays,3,3,3,1,0,1,0,0,0,1,.333,0,0,0,0,0,0,0,0,.333
9874,DJ LeMahieu,Rockies,2,3,3,1,1,0,0,0,0,0,.333,0,0,0,0,0,1,0,0,.333
10472,KikĂÂŠ Hernandez,Dodgers,8,9,9,3,3,0,0,0,0,1,.333,0,0,0,0,0,0,0,0,.333
10816,Jedd Gyorko,Cardinals,24,36,36,12,12,0,0,0,0,1,.333,0,0,0,0,0,0,0,0,.333
10951,Greg Garcia,Cardinals,9,15,15,5,5,0,0,0,0,1,.333,0,0,0,0,0,1,0,0,.333
11854,Steven Moya,Tigers,10,15,16,5,4,1,0,0,0,2,.333,0,0,0,1,0,0,0,0,.333
12294,Cory Spangenberg,Padres,2,6,6,2,1,0,1,0,0,2,.333,0,0,0,0,0,0,0,0,.333
12927,Brandon Nimmo,Mets,3,3,3,1,1,0,0,0,0,0,.333,0,0,0,0,0,0,0,0,.333
13277,Joey Rickard,Orioles,8,12,12,4,4,0,0,0,0,0,.333,0,0,0,0,0,0,0,0,.333
13359,Tyler Naquin,Indians,10,12,12,4,4,0,0,0,0,1,.333,0,0,0,0,0,0,0,0,.333
13757,Chris Taylor,Dodgers,2,3,3,1,0,0,1,0,0,0,.333,0,0,0,0,0,0,0,0,.333
14221,Jorge Soler,Cubs,31,51,51,17,14,3,0,0,0,2,.333,0,0,0,0,0,0,0,0,.333
15464,Hunter Renfroe,Padres,2,3,3,1,1,0,0,0,0,0,.333,0,0,0,0,0,0,0,0,.333
17182,Jung Ho Kang,Pirates,30,42,42,14,9,5,0,0,0,6,.333,0,0,0,0,0,2,0,0,.333
5497,Marwin Gonzalez,Astros,49,73,73,24,19,4,1,0,0,4,.329,0,0,0,0,0,2,0,0,.329
10200,Tucker Barnhart,Reds,38,61,62,20,14,6,0,0,0,9,.328,0,0,0,1,0,1,0,0,.328
12775,Brad Miller,Rays,60,113,113,37,24,11,2,0,0,16,.327,0,0,0,0,0,0,0,0,.327
13624,Corey Seager,Dodgers,85,162,162,53,37,13,3,0,0,11,.327,0,0,0,0,0,3,0,0,.327
1908,Adrian Gonzalez,Dodgers,130,321,325,105,79,26,0,0,0,32,.327,0,0,0,4,0,9,0,0,.327
3269,Robinson Cano,Mariners,116,251,253,82,65,16,1,0,0,20,.327,0,0,0,2,0,7,0,0,.327
12564,Trevor Story,Rockies,32,49,50,16,13,3,0,0,0,4,.327,0,0,0,0,1,2,0,0,.327
4969,Luis Valbuena,Astros,71,144,145,47,34,13,0,0,0,12,.326,0,0,0,1,0,3,0,0,.326
5450,Daniel Nava,Angels,24,46,46,15,12,3,0,0,0,5,.326,0,0,0,0,0,1,0,0,.326
10155,Mike Trout,Angels,63,92,94,30,21,8,1,0,0,12,.326,0,0,0,2,0,1,0,0,.326
10762,Corey Dickerson,Rays,81,163,164,53,28,23,2,0,0,12,.325,0,0,0,1,0,5,0,0,.325
12984,Jackie Bradley Jr.,Red Sox,101,203,203,66,50,12,4,0,0,10,.325,0,0,0,0,0,1,0,0,.325
745,David Ortiz,Red Sox,142,397,403,129,80,48,1,0,0,58,.325,0,0,0,6,0,19,0,0,.325
9776,Jason Kipnis,Indians,45,74,75,24,19,4,1,0,0,7,.324,0,0,0,1,0,0,0,0,.324
14162,Carlos Correa,Astros,22,28,28,9,8,1,0,0,0,5,.321,0,0,0,0,0,1,0,0,.321
15429,Kris Bryant,Cubs,106,234,234,75,57,18,0,0,0,19,.321,0,0,0,0,0,1,0,0,.321
5015,Melvin Upton Jr.,- - -,37,50,51,16,12,3,1,0,0,6,.320,0,0,0,1,0,0,0,0,.320
13367,Stephen Piscotty,Cardinals,18,25,25,8,5,3,0,0,0,3,.320,0,0,0,0,0,0,0,0,.320
3255,Franklin Gutierrez,Mariners,31,47,47,15,13,2,0,0,0,1,.319,0,0,0,0,0,1,0,0,.319
11200,Kole Calhoun,Angels,129,301,303,96,68,23,5,0,0,21,.319,0,0,0,2,0,8,0,0,.319
2136,David Peralta,Diamondbacks,32,69,69,22,16,4,2,0,0,2,.319,0,0,0,0,0,1,0,0,.319
6876,Mark Trumbo,Orioles,48,69,69,22,18,4,0,0,0,3,.319,0,0,0,0,0,1,0,0,.319
5227,Jon Jay,Padres,15,22,22,7,6,1,0,0,0,4,.318,0,0,0,0,0,0,0,0,.318
12916,Francisco Lindor,Indians,27,44,44,14,10,3,1,0,0,2,.318,0,0,0,0,0,1,0,0,.318
15564,Tyler White,Astros,19,22,22,7,7,0,0,0,0,4,.318,0,0,0,0,0,0,0,0,.318
4949,Giancarlo Stanton,Marlins,82,145,146,46,33,12,1,0,0,16,.317,0,0,0,1,0,1,0,0,.317
11146,Cameron Rupp,Phillies,26,41,41,13,9,4,0,0,0,3,.317,0,0,0,0,0,1,0,0,.317
12225,Scott Schebler,Reds,55,117,117,37,29,6,2,0,0,9,.316,0,0,0,0,0,1,0,0,.316
10166,Nick Franklin,Rays,34,51,51,16,11,5,0,0,0,2,.314,0,0,0,0,0,0,0,0,.314
9054,Justin Smoak,Blue Jays,67,112,112,35,28,7,0,0,0,7,.313,0,0,0,0,0,3,0,0,.313
15937,Aledmys Diaz,Cardinals,12,16,16,5,5,0,0,0,0,0,.313,0,0,0,0,0,0,0,0,.313
4720,Chase Headley,Yankees,95,170,172,53,44,9,0,0,0,8,.312,0,0,0,2,0,1,0,0,.312
10243,Randal Grichuk,Cardinals,48,84,84,26,16,8,2,0,0,10,.310,0,0,0,0,0,0,0,0,.310
9777,Nolan Arenado,Rockies,79,152,153,47,35,9,3,0,0,13,.309,0,0,0,1,0,0,0,0,.309
10339,Scooter Gennett,Brewers,35,55,55,17,12,5,0,0,0,6,.309,0,0,0,0,0,3,0,0,.309
791,Brandon Phillips,Reds,10,13,13,4,3,1,0,0,0,2,.308,0,0,0,0,0,2,0,0,.308
8252,Hunter Pence,Giants,12,13,13,4,4,0,0,0,0,1,.308,0,0,0,0,0,0,0,0,.308
10349,Tommy Joseph,Phillies,20,26,27,8,5,3,0,0,0,2,.308,0,0,0,1,0,2,0,0,.308
9953,Ryan Schimpf,Padres,46,75,75,23,11,10,2,0,0,7,.307,0,0,0,0,0,1,0,0,.307
3892,Josh Reddick,- - -,90,212,212,65,52,12,1,0,0,10,.307,0,0,0,0,0,3,0,0,.307
1679,Chase Utley,Dodgers,97,229,229,70,52,15,3,0,0,9,.306,0,0,0,0,0,0,0,0,.306
4727,Jacoby Ellsbury,Yankees,26,36,36,11,9,2,0,0,0,4,.306,0,0,0,0,0,0,0,0,.306
12508,Jett Bandy,Angels,20,36,36,11,9,2,0,0,0,0,.306,0,0,0,0,0,0,0,0,.306
18497,Byung-ho Park,Twins,25,36,38,11,6,4,1,0,0,5,.306,0,0,0,2,0,1,0,0,.306
3516,Eric Hosmer,Royals,117,233,233,71,57,14,0,0,0,26,.305,0,0,0,0,0,9,0,0,.305
1738,Jhonny Peralta,Cardinals,18,23,23,7,4,3,0,0,0,3,.304,0,0,0,0,0,0,0,0,.304
3353,Matt Joyce,Pirates,62,92,92,28,22,6,0,0,0,8,.304,0,0,0,0,0,5,0,0,.304
7399,Billy Butler,- - -,36,46,46,14,12,2,0,0,0,5,.304,0,0,0,0,0,2,0,0,.304
5887,John Jaso,Pirates,82,181,181,55,43,12,0,0,0,13,.304,0,0,0,0,0,5,0,0,.304
12144,Max Kepler,Twins,51,89,91,27,19,7,1,0,0,4,.303,0,0,0,2,0,1,0,0,.303
8392,Daniel Descalso,Rockies,24,33,33,10,7,2,1,0,0,3,.303,0,0,0,0,0,0,0,0,.303
3364,Miguel Montero,Cubs,50,86,86,26,22,3,1,0,0,9,.302,0,0,0,0,0,1,0,0,.302
9009,Conor Gillaspie,Giants,33,53,53,16,15,1,0,0,0,2,.302,0,0,0,0,0,0,0,0,.302
9219,Danny Espinosa,Nationals,57,73,74,22,17,5,0,0,0,4,.301,0,0,0,0,1,1,0,0,.301
9981,Michael Saunders,Blue Jays,94,173,174,52,35,15,2,0,0,7,.301,0,0,0,0,1,6,0,0,.301
3708,Rajai Davis,Indians,6,10,10,3,1,2,0,0,0,0,.300,0,0,0,0,0,0,0,0,.300
5222,Justin Upton,Tigers,33,40,40,12,9,3,0,0,0,2,.300,0,0,0,0,0,1,0,0,.300
5827,Wilmer Flores,Mets,8,10,10,3,2,1,0,0,0,0,.300,0,0,0,0,0,1,0,0,.300
6104,Aaron Hill,- - -,34,50,50,15,15,0,0,0,0,5,.300,0,0,0,0,0,0,0,0,.300
9689,Josh Thole,Blue Jays,14,20,20,6,5,1,0,0,0,0,.300,0,0,0,0,0,0,0,0,.300
9810,Brian Dozier,Twins,98,207,209,62,38,22,2,0,0,18,.300,0,0,0,2,0,2,0,0,.300
4962,Asdrubal Cabrera,Mets,74,137,137,41,27,14,0,0,0,4,.299,0,0,0,0,0,4,0,0,.299
5631,Matt Kemp,- - -,100,214,216,64,47,17,0,0,0,19,.299,0,0,0,2,0,3,0,0,.299
4940,Jason Heyward,Cubs,87,188,190,56,41,14,1,0,0,17,.298,0,0,0,2,0,3,0,0,.298
785,Todd Frazier,White Sox,63,101,102,30,23,7,0,0,0,7,.297,0,0,0,1,0,3,0,0,.297
11997,Cody Asche,Phillies,37,64,64,19,15,4,0,0,0,4,.297,0,0,0,0,0,0,0,0,.297
10542,Derek Dietrich,Marlins,48,81,81,24,19,4,1,0,0,2,.296,0,0,0,0,0,0,0,0,.296
9785,Kyle Seager,Mariners,140,345,345,102,76,23,3,0,0,13,.296,0,0,0,0,0,11,0,0,.296
13329,Jake Lamb,Diamondbacks,109,217,219,64,34,23,7,0,0,21,.295,0,0,0,2,0,10,0,0,.295
3473,Anthony Rizzo,Cubs,140,373,375,110,70,37,3,0,0,33,.295,0,0,0,2,0,10,0,0,.295
4220,Ryan Zimmerman,Nationals,11,17,17,5,4,1,0,0,0,0,.294,0,0,0,0,0,0,0,0,.294
4243,Jose Lobaton,Nationals,9,17,17,5,5,0,0,0,0,0,.294,0,0,0,0,0,0,0,0,.294
11476,Odubel Herrera,Phillies,15,17,17,5,4,1,0,0,0,0,.294,0,0,0,0,0,0,0,0,.294
15640,Aaron Judge,Yankees,12,17,17,5,4,1,0,0,0,1,.294,0,0,0,0,0,0,0,0,.294
393,Victor Martinez,Tigers,123,277,279,81,66,15,0,0,0,20,.292,0,0,0,2,0,11,0,0,.292
7185,Logan Forsythe,Rays,45,86,87,25,15,8,2,0,0,4,.291,0,0,0,1,0,2,0,0,.291
12907,Gregory Polanco,Pirates,62,117,119,34,23,10,1,0,0,12,.291,0,0,0,2,0,2,0,0,.291
4365,Scott Van Slyke,Dodgers,20,31,31,9,6,3,0,0,0,1,.290,0,0,0,0,0,0,0,0,.290
9744,Justin Bour,Marlins,71,155,156,45,36,8,1,0,0,9,.290,0,0,0,1,0,6,0,0,.290
5209,Alex Gordon,Royals,103,183,183,53,39,12,2,0,0,8,.290,0,0,0,0,0,3,0,0,.290
10306,Oswaldo Arcia,- - -,46,83,83,24,18,5,1,0,0,5,.289,0,0,0,0,0,0,0,0,.289
2151,Edwin Encarnacion,Blue Jays,123,246,250,71,48,23,0,0,0,29,.289,0,0,0,4,0,6,0,0,.289
9847,Andrew McCutchen,Pirates,77,149,149,43,33,9,1,0,0,11,.289,0,0,0,0,0,2,0,0,.289
1737,Justin Morneau,White Sox,30,52,53,15,9,5,1,0,0,3,.288,0,0,0,1,0,2,0,0,.288
2530,Yonder Alonso,Athletics,110,254,254,73,54,19,0,0,0,19,.287,0,0,0,0,0,5,0,0,.287
2636,Brandon Guyer,- - -,20,28,28,8,5,3,0,0,0,4,.286,0,0,0,0,0,1,0,0,.286
6740,Johnny Giavotella,Angels,6,7,7,2,0,2,0,0,0,0,.286,0,0,0,0,0,0,0,0,.286
7945,Jaff Decker,Rays,4,7,7,2,2,0,0,0,0,0,.286,0,0,0,0,0,0,0,0,.286
9166,Buster Posey,Giants,24,35,36,10,7,3,0,0,0,4,.286,0,0,0,1,0,0,0,0,.286
9373,Matt McBride,Athletics,8,14,14,4,3,1,0,0,0,1,.286,0,0,0,0,0,0,0,0,.286
9927,Brett Gardner,Yankees,13,21,21,6,6,0,0,0,0,1,.286,0,0,0,0,0,0,0,0,.286
12856,George Springer,Astros,32,42,42,12,12,0,0,0,0,0,.286,0,0,0,0,0,0,0,0,.286
13110,Yoenis Cespedes,Mets,68,126,127,36,28,7,1,0,0,4,.286,0,0,0,1,0,3,0,0,.286
5000,Stephen Vogt,Athletics,113,291,293,83,57,24,2,0,0,18,.285,0,0,0,2,0,2,0,0,.285
4556,James Loney,Mets,54,137,137,39,30,8,1,0,0,4,.285,0,0,0,0,0,5,0,0,.285
2495,Pedro Alvarez,Orioles,94,194,195,55,36,19,0,0,0,14,.284,0,0,0,1,0,3,0,0,.284
11899,Joc Pederson,Dodgers,94,181,182,51,35,16,0,0,0,18,.282,0,0,0,1,0,3,0,0,.282
1744,Miguel Cabrera,Tigers,21,32,32,9,5,4,0,0,0,0,.281,0,0,0,0,0,0,0,0,.281
12282,Rougned Odor,Rangers,112,224,224,63,45,16,2,0,0,12,.281,0,0,0,0,0,2,0,0,.281
4298,Matt Wieters,Orioles,93,210,211,59,45,13,1,0,0,13,.281,0,0,0,0,1,4,0,0,.281
6012,Didi Gregorius,Yankees,38,57,57,16,13,2,1,0,0,1,.281,0,0,0,0,0,0,0,0,.281
7331,Seth Smith,Mariners,108,225,227,63,48,15,0,0,0,14,.280,0,0,0,2,0,10,0,0,.280
9205,Logan Morrison,Rays,89,200,201,56,39,16,1,0,0,11,.280,0,0,0,1,0,1,0,0,.280
10289,Hector Sanchez,- - -,16,25,25,7,6,1,0,0,0,1,.280,0,0,0,0,0,0,0,0,.280
2505,Hank Conger,Rays,38,68,68,19,14,5,0,0,0,2,.279,0,0,0,0,0,2,0,0,.279
11982,Travis Shaw,Red Sox,105,222,224,62,44,16,2,0,0,16,.279,0,0,0,2,0,6,0,0,.279
1274,Alex Rodriguez,Yankees,27,43,43,12,11,1,0,0,0,6,.279,0,0,0,0,0,1,0,0,.279
5038,Josh Donaldson,Blue Jays,79,129,130,36,26,8,2,0,0,4,.279,0,0,0,0,1,2,0,0,.279
9393,Matt Adams,Cardinals,87,163,163,45,31,14,0,0,0,18,.276,0,0,0,0,0,1,0,0,.276
10950,Adam Duvall,Reds,79,138,139,38,24,11,3,0,0,11,.275,0,0,0,1,0,0,0,0,.275
5930,Nick Markakis,Braves,32,51,52,14,12,2,0,0,0,5,.275,0,0,0,1,0,4,0,0,.275
9272,Chris Davis,Orioles,144,299,301,82,62,20,0,0,0,19,.274,0,0,0,2,0,6,0,0,.274
11003,Evan Gattis,Astros,37,62,63,17,11,6,0,0,0,6,.274,0,0,0,1,0,1,0,0,.274
5107,Jefry Marte,Angels,17,22,22,6,6,0,0,0,0,1,.273,0,0,0,0,0,1,0,0,.273
8370,Dustin Pedroia,Red Sox,14,22,22,6,5,1,0,0,0,0,.273,0,0,0,0,0,0,0,0,.273
10324,Marcell Ozuna,Marlins,23,33,33,9,9,0,0,0,0,5,.273,0,0,0,0,0,0,0,0,.273
12325,Jace Peterson,Braves,8,11,11,3,2,1,0,0,0,0,.273,0,0,0,0,0,0,0,0,.273
1857,Joe Mauer,Twins,52,103,103,28,23,5,0,0,0,2,.272,0,0,0,0,0,0,0,0,.272
6400,Kirk Nieuwenhuis,Brewers,51,81,81,22,18,4,0,0,0,8,.272,0,0,0,0,0,2,0,0,.272
11579,Bryce Harper,Nationals,111,221,223,60,44,15,1,0,0,15,.271,0,0,0,2,0,6,0,0,.271
3174,Shin-Soo Choo,Rangers,36,85,85,23,19,4,0,0,0,2,.271,0,0,0,0,0,1,0,0,.271
8027,Adam Lind,Mariners,100,233,234,63,52,11,0,0,0,15,.270,0,0,0,1,0,11,0,0,.270
12179,Maikel Franco,Phillies,73,141,142,38,28,9,1,0,0,9,.270,0,0,0,1,0,2,0,0,.270
3531,Troy Tulowitzki,Blue Jays,69,119,120,32,24,8,0,0,0,3,.269,0,0,0,1,0,2,0,0,.269
7462,Trevor Plouffe,Twins,22,41,41,11,9,2,0,0,0,3,.268,0,0,0,0,0,3,0,0,.268
8434,Brett Wallace,Padres,63,112,113,30,22,8,0,0,0,8,.268,0,0,0,1,0,2,0,0,.268
3057,Mike Napoli,Indians,55,90,91,24,21,3,0,0,0,7,.267,0,0,0,1,0,4,0,0,.267
8202,Josh Harrison,Pirates,13,15,15,4,2,2,0,0,0,2,.267,0,0,0,0,0,1,0,0,.267
12532,Kolten Wong,Cardinals,33,60,60,16,13,1,2,0,0,3,.267,0,0,0,0,0,0,0,0,.267
17171,Yasmany Tomas,Diamondbacks,11,15,15,4,3,1,0,0,0,0,.267,0,0,0,0,0,1,0,0,.267
4467,Brandon Moss,Cardinals,111,218,223,58,38,18,2,0,0,17,.266,0,0,0,5,0,7,0,0,.266
9112,Khris Davis,Athletics,68,113,114,30,22,7,1,0,0,6,.265,0,0,0,1,0,3,0,0,.265
9368,Evan Longoria,Rays,73,132,133,35,24,7,4,0,0,11,.265,0,0,0,1,0,0,0,0,.265
3882,Chris Young,Red Sox,34,53,53,14,8,6,0,0,0,4,.264,0,0,0,0,0,2,0,0,.264
9682,Adam Rosales,Padres,15,19,19,5,3,1,1,0,0,2,.263,0,0,0,0,0,1,0,0,.263
11936,Joe Panik,Giants,23,38,38,10,8,2,0,0,0,3,.263,0,0,0,0,0,0,0,0,.263
4022,Melky Cabrera,White Sox,30,42,42,11,8,2,1,0,0,3,.262,0,0,0,0,0,1,0,0,.262
4579,Starlin Castro,Yankees,17,23,23,6,3,3,0,0,0,2,.261,0,0,0,0,0,1,0,0,.261
9952,Trayce Thompson,Dodgers,17,23,23,6,4,2,0,0,0,0,.261,0,0,0,0,0,2,0,0,.261
12371,Tommy La Stella,Cubs,19,23,23,6,4,2,0,0,0,2,.261,0,0,0,0,0,0,0,0,.261
12649,Alex Dickerson,Padres,39,73,73,19,16,3,0,0,0,4,.260,0,0,0,0,0,0,0,0,.260
3086,Mitch Moreland,Rangers,133,293,293,76,58,18,0,0,0,18,.259,0,0,0,0,0,7,0,0,.259
2616,Zack Cozart,Reds,20,27,27,7,5,2,0,0,0,2,.259,0,0,0,0,0,0,0,0,.259
5481,Jimmy Paredes,- - -,18,27,27,7,5,2,0,0,0,2,.259,0,0,0,0,0,0,0,0,.259
16376,Michael Conforto,Mets,80,163,164,42,27,14,1,0,0,10,.258,0,0,0,1,0,3,0,0,.258
12533,Marcus Semien,Athletics,63,101,101,26,18,8,0,0,0,5,.257,0,0,0,0,0,1,0,0,.257
7435,Ben Zobrist,Cubs,79,129,131,33,24,9,0,0,0,13,.256,0,0,0,2,0,2,0,0,.256
16246,A.J. Reed,Astros,26,47,47,12,9,3,0,0,0,0,.255,0,0,0,0,0,0,0,0,.255
9893,Colby Rasmus,Astros,85,196,200,50,40,10,0,0,0,21,.255,0,0,0,3,1,2,0,0,.255
2502,Lucas Duda,Mets,44,106,107,27,20,7,0,0,0,10,.255,0,0,0,1,0,1,0,0,.255
4747,Curtis Granderson,Mets,139,344,346,87,60,22,5,0,0,15,.253,0,0,0,2,0,8,0,0,.253
2396,Carlos Santana,Indians,125,270,271,68,45,21,2,0,0,12,.252,0,0,0,1,0,6,0,0,.252
4810,Brian McCann,Yankees,119,274,274,69,59,10,0,0,0,20,.252,0,0,0,0,0,12,0,0,.252
1327,Jayson Werth,Nationals,11,20,20,5,4,1,0,0,0,1,.250,0,0,0,0,0,0,0,0,.250
2430,Darwin Barney,Blue Jays,10,16,16,4,1,3,0,0,0,0,.250,0,0,0,0,0,0,0,0,.250
3395,Cliff Pennington,Angels,25,36,36,9,7,2,0,0,0,0,.250,0,0,0,0,0,1,0,0,.250
4082,Erick Aybar,- - -,4,4,4,1,1,0,0,0,0,1,.250,0,0,0,0,0,0,0,0,.250
5408,Jake Smolinski,Athletics,33,48,48,12,10,2,0,0,0,1,.250,0,0,0,0,0,0,0,0,.250
5452,Ji-Man Choi,Angels,14,24,24,6,4,2,0,0,0,0,.250,0,0,0,0,0,1,0,0,.250
6677,J.B. Shuck,White Sox,10,16,16,4,4,0,0,0,0,0,.250,0,0,0,0,0,0,0,0,.250
8628,Paulo Orlando,Royals,4,4,4,1,0,0,1,0,0,0,.250,0,0,0,0,0,0,0,0,.250
9015,Gordon Beckham,Braves,3,4,4,1,0,1,0,0,0,0,.250,0,0,0,0,0,0,0,0,.250
9929,Darin Ruf,Phillies,10,16,16,4,3,1,0,0,0,1,.250,0,0,0,0,0,0,0,0,.250
10028,Christian Bethancourt,Padres,17,24,24,6,6,0,0,0,0,4,.250,0,0,0,0,0,0,0,0,.250
10607,Bryce Brentz,Red Sox,7,12,12,3,1,2,0,0,0,2,.250,0,0,0,0,0,0,0,0,.250
10815,Jurickson Profar,Rangers,27,32,33,8,7,0,1,0,0,2,.250,0,0,0,0,1,0,0,0,.250
10847,Andrelton Simmons,Angels,9,12,12,3,1,2,0,0,0,1,.250,0,0,0,0,0,0,0,0,.250
11385,Matt den Dekker,Nationals,3,4,4,1,1,0,0,0,0,0,.250,0,0,0,0,0,0,0,0,.250
12434,Kevin Pillar,Blue Jays,12,16,16,4,4,0,0,0,0,0,.250,0,0,0,0,0,0,0,0,.250
12546,C.J. Cron,Angels,24,32,32,8,7,1,0,0,0,5,.250,0,0,0,0,0,1,0,0,.250
12944,Socrates Brito,Diamondbacks,5,12,12,3,3,0,0,0,0,1,.250,0,0,0,0,0,0,0,0,.250
13770,Rob Refsnyder,Yankees,3,4,4,1,1,0,0,0,0,1,.250,0,0,0,0,0,0,0,0,.250
13807,Kevin Plawecki,Mets,4,4,4,1,1,0,0,0,0,0,.250,0,0,0,0,0,0,0,0,.250
14503,Renato Nunez,Athletics,3,4,4,1,1,0,0,0,0,1,.250,0,0,0,0,0,0,0,0,.250
1281,Mark Teixeira,Yankees,101,205,206,51,40,11,0,0,0,7,.249,0,0,0,1,0,1,0,0,.249
9892,Jay Bruce,- - -,131,326,328,81,55,20,6,0,0,29,.248,0,0,0,2,0,8,0,0,.248
6908,Clint Robinson,Nationals,49,85,87,21,18,3,0,0,0,4,.247,0,0,0,1,1,2,0,0,.247
11038,Kevin Kiermaier,Rays,45,77,77,19,14,4,1,0,0,4,.247,0,0,0,0,0,2,0,0,.247
7571,Lonnie Chisenhall,Indians,32,53,53,13,9,4,0,0,0,3,.245,0,0,0,0,0,0,0,0,.245
4613,Prince Fielder,Rangers,83,204,207,50,38,12,0,0,0,18,.245,0,0,0,3,0,9,0,0,.245
5557,Jarrod Saltalamacchia,Tigers,63,98,99,24,19,4,1,0,0,11,.245,0,0,0,1,0,0,0,0,.245
6153,Eduardo Escobar,Twins,29,45,45,11,10,1,0,0,0,2,.244,0,0,0,0,0,0,0,0,.244
11442,Gary Sanchez,Yankees,29,45,45,11,8,3,0,0,0,1,.244,0,0,0,0,0,0,0,0,.244
14106,Addison Russell,Cubs,32,45,46,11,4,6,1,0,0,7,.244,0,0,0,1,0,1,0,0,.244
1887,Jose Bautista,Blue Jays,57,99,102,24,15,8,1,0,0,13,.242,0,0,0,3,0,6,0,0,.242
13633,Preston Tucker,Astros,37,62,62,15,8,7,0,0,0,2,.242,0,0,0,0,0,1,0,0,.242
9741,Ben Paulsen,Rockies,17,29,29,7,5,2,0,0,0,1,.241,0,0,0,0,0,1,0,0,.241
10327,Ramon Cabrera,Reds,18,29,29,7,4,3,0,0,0,1,.241,0,0,0,0,0,1,0,0,.241
9911,Chris Carter,Brewers,95,154,156,37,25,12,0,0,0,4,.240,0,0,0,2,0,6,0,0,.240
6867,Derek Norris,Padres,29,42,43,10,6,4,0,0,0,3,.238,0,0,0,1,0,0,0,0,.238
8610,Kendrys Morales,Royals,123,254,254,60,49,11,0,0,0,9,.236,0,0,0,0,0,6,0,0,.236
8722,Jason Castro,Astros,82,140,140,33,22,10,1,0,0,3,.236,0,0,0,0,0,4,0,0,.236
746,A.J. Pierzynski,Braves,60,133,134,31,18,13,0,0,0,11,.233,0,0,0,1,0,7,0,0,.233
11368,Yasmani Grandal,Dodgers,79,147,147,34,26,7,1,0,0,5,.231,0,0,0,0,0,3,0,0,.231
454,Juan Uribe,Indians,11,13,13,3,3,0,0,0,0,1,.231,0,0,0,0,0,0,0,0,.231
3142,Robinson Chirinos,Rangers,9,13,13,3,2,1,0,0,0,0,.231,0,0,0,0,0,0,0,0,.231
9542,Steve Clevenger,Mariners,6,13,13,3,3,0,0,0,0,1,.231,0,0,0,0,0,0,0,0,.231
11493,Manny Machado,Orioles,26,39,40,9,7,2,0,0,0,2,.231,0,0,0,1,0,0,0,0,.231
11739,J.T. Realmuto,Marlins,11,13,13,3,2,1,0,0,0,0,.231,0,0,0,0,0,0,0,0,.231
3179,Dioner Navarro,- - -,52,87,87,20,13,5,2,0,0,10,.230,0,0,0,0,0,0,0,0,.230
1177,Albert Pujols,Angels,119,254,255,58,52,6,0,0,0,16,.228,0,0,0,1,0,6,0,0,.228
14225,Yasiel Puig,Dodgers,27,40,40,9,8,0,1,0,0,5,.225,0,0,0,0,0,1,0,0,.225
12101,Kennys Vargas,Twins,26,36,36,8,4,4,0,0,0,2,.222,0,0,0,0,0,0,0,0,.222
12147,Nick Ahmed,Diamondbacks,6,9,9,2,1,1,0,0,0,0,.222,0,0,0,0,0,1,0,0,.222
12510,Curt Casali,Rays,21,27,27,6,6,0,0,0,0,1,.222,0,0,0,0,0,0,0,0,.222
2234,Kelly Johnson,- - -,58,104,105,23,17,6,0,0,0,3,.221,0,0,0,1,0,1,0,0,.221
6195,Ian Kinsler,Tigers,28,46,46,10,8,2,0,0,0,3,.217,0,0,0,0,0,0,0,0,.217
12161,Xander Bogaerts,Red Sox,17,23,23,5,3,2,0,0,0,1,.217,0,0,0,0,0,0,0,0,.217
13853,Joey Wendle,Athletics,11,23,23,5,5,0,0,0,0,1,.217,0,0,0,0,0,0,0,0,.217
14274,Mitch Haniger,Diamondbacks,13,23,23,5,5,0,0,0,0,0,.217,0,0,0,0,0,0,0,0,.217
971,Jimmy Rollins,White Sox,26,60,61,13,7,6,0,0,0,2,.217,0,0,0,1,0,1,0,0,.217
13613,Ketel Marte,Mariners,10,14,14,3,2,1,0,0,0,0,.214,0,0,0,0,0,1,0,0,.214
6878,Chris Coghlan,- - -,44,76,76,16,10,6,0,0,0,6,.211,0,0,0,0,0,2,0,0,.211
7168,Juan Centeno,Twins,15,19,19,4,4,0,0,0,0,1,.211,0,0,0,0,0,1,0,0,.211
11494,Kaleb Cowart,Angels,15,29,29,6,5,1,0,0,0,1,.207,0,0,0,0,0,0,0,0,.207
3371,Alejandro De Aza,Mets,24,34,34,7,6,1,0,0,0,0,.206,0,0,0,0,0,1,0,0,.206
2154,Ryan Howard,Phillies,91,185,187,37,27,10,0,0,0,15,.200,0,0,0,2,0,7,0,0,.200
2900,Roberto Perez,Indians,9,10,10,2,1,1,0,0,0,1,.200,0,0,0,0,0,0,0,0,.200
3312,Martin Prado,Marlins,4,5,5,1,1,0,0,0,0,0,.200,0,0,0,0,0,0,0,0,.200
4616,Russell Martin,Blue Jays,25,40,40,8,6,2,0,0,0,6,.200,0,0,0,0,0,0,0,0,.200
10322,Danny Santana,Twins,5,5,5,1,1,0,0,0,0,0,.200,0,0,0,0,0,0,0,0,.200
11192,Brett Nicholas,Rangers,7,10,10,2,2,0,0,0,0,0,.200,0,0,0,0,0,1,0,0,.200
11400,Ronald Torreyes,Yankees,2,5,5,1,1,0,0,0,0,0,.200,0,0,0,0,0,0,0,0,.200
13836,Matt Duffy,- - -,5,5,5,1,0,1,0,0,0,1,.200,0,0,0,0,0,0,0,0,.200
14344,Matt Olson,Athletics,6,10,10,2,1,1,0,0,0,0,.200,0,0,0,0,0,0,0,0,.200
17678,Alex Bregman,Astros,4,5,5,1,0,1,0,0,0,0,.200,0,0,0,0,0,0,0,0,.200
7304,Salvador Perez,Royals,28,41,42,8,5,2,1,0,0,4,.195,0,0,0,1,0,1,0,0,.195
9627,Yan Gomes,Indians,24,36,36,7,4,3,0,0,0,1,.194,0,0,0,0,0,1,0,0,.194
4892,Mike Moustakas,Royals,25,64,64,12,8,4,0,0,0,3,.188,0,0,0,0,0,2,0,0,.188
1736,Jose Reyes,Mets,7,11,11,2,2,0,0,0,0,0,.182,0,0,0,0,0,0,0,0,.182
7739,Travis d'Arnaud,Mets,9,11,11,2,2,0,0,0,0,0,.182,0,0,0,0,0,1,0,0,.182
8841,Ramiro Pena,Giants,6,11,11,2,1,1,0,0,0,0,.182,0,0,0,0,0,0,0,0,.182
10459,Adeiny Hechavarria,Marlins,6,11,11,2,2,0,0,0,0,1,.182,0,0,0,0,0,0,0,0,.182
11489,Michael Taylor,Nationals,9,11,12,2,2,0,0,0,0,1,.182,0,0,0,1,0,0,0,0,.182
13301,Max Muncy,Athletics,26,44,44,8,7,1,0,0,0,1,.182,0,0,0,0,0,1,0,0,.182
6609,Freddy Galvis,Phillies,14,17,17,3,2,1,0,0,0,0,.176,0,0,0,0,0,0,0,0,.176
13265,Mike Zunino,Mariners,19,35,35,6,4,2,0,0,0,2,.171,0,0,0,0,0,0,0,0,.171
1191,Chris Johnson,Marlins,5,6,6,1,1,0,0,0,0,0,.167,0,0,0,0,0,0,0,0,.167
3231,Brayan Pena,Cardinals,6,6,6,1,0,1,0,0,0,0,.167,0,0,0,0,0,0,0,0,.167
4403,Erik Kratz,- - -,4,6,6,1,1,0,0,0,0,2,.167,0,0,0,0,0,0,0,0,.167
5677,A.J. Ellis,- - -,4,6,6,1,1,0,0,0,0,1,.167,0,0,0,0,0,0,0,0,.167
8380,Reid Brignac,Braves,3,6,6,1,1,0,0,0,0,0,.167,0,0,0,0,0,0,0,0,.167
8553,Gerardo Parra,Rockies,15,18,19,3,3,0,0,0,0,1,.167,0,0,0,1,0,0,0,0,.167
9048,Ezequiel Carrera,Blue Jays,6,6,6,1,0,1,0,0,0,0,.167,0,0,0,0,0,0,0,0,.167
9134,Tyler Flowers,Braves,6,6,6,1,0,1,0,0,0,1,.167,0,0,0,0,0,0,0,0,.167
11205,Adam Eaton,White Sox,6,6,6,1,1,0,0,0,0,0,.167,0,0,0,0,0,0,0,0,.167
11624,Jarrett Parker,Giants,19,24,24,4,4,0,0,0,0,1,.167,0,0,0,0,0,0,0,0,.167
13066,Teoscar Hernandez,Astros,6,6,6,1,1,0,0,0,0,1,.167,0,0,0,0,0,0,0,0,.167
13130,Mikie Mahtook,Rays,9,12,12,2,1,1,0,0,0,1,.167,0,0,0,0,0,0,0,0,.167
13185,Orlando Arcia,Brewers,8,12,12,2,2,0,0,0,0,0,.167,0,0,0,0,0,0,0,0,.167
10099,Dustin Ackley,Yankees,13,19,19,3,3,0,0,0,0,1,.158,0,0,0,0,0,0,0,0,.158
5666,Devin Mesoraco,Reds,12,26,26,4,3,1,0,0,0,1,.154,0,0,0,0,0,0,0,0,.154
5760,Avisail Garcia,White Sox,10,13,13,2,2,0,0,0,0,0,.154,0,0,0,0,0,0,0,0,.154
11165,Ramon Flores,Brewers,8,14,14,2,2,0,0,0,0,0,.143,0,0,0,0,0,1,0,0,.143
10642,Carlos Perez,Angels,24,31,31,4,2,2,0,0,0,1,.129,0,0,0,0,0,0,0,0,.129
2829,Manny Pina,Brewers,5,8,8,1,1,0,0,0,0,0,.125,0,0,0,0,0,0,0,0,.125
11247,Jabari Blash,Padres,6,8,8,1,1,0,0,0,0,1,.125,0,0,0,0,0,1,0,0,.125
14894,Tony Kemp,Astros,4,8,8,1,1,0,0,0,0,0,.125,0,0,0,0,0,0,0,0,.125
1551,David Ross,Cubs,18,26,26,3,3,0,0,0,0,1,.115,0,0,0,0,0,0,0,0,.115
7087,Caleb Joseph,Orioles,8,10,10,1,1,0,0,0,0,0,.100,0,0,0,0,0,1,0,0,.100
19198,Yulieski Gurriel,Astros,7,10,10,1,1,0,0,0,0,0,.100,0,0,0,0,0,1,0,0,.100
1849,Rickie Weeks Jr.,Diamondbacks,18,21,21,2,2,0,0,0,0,0,.095,0,0,0,0,0,0,0,0,.095
6835,Nick Buss,Angels,8,11,11,1,1,0,0,0,0,0,.091,0,0,0,0,0,1,0,0,.091
6564,Bobby Wilson,- - -,19,26,26,2,2,0,0,0,0,0,.077,0,0,0,0,0,0,0,0,.077
2833,Cedric Hunter,Phillies,7,14,14,1,1,0,0,0,0,0,.071,0,0,0,0,0,0,0,0,.071
1873,Matt Holliday,Cardinals,10,15,15,1,1,0,0,0,0,2,.067,0,0,0,0,0,0,0,0,.067
211,Will Venable,Dodgers,6,7,7,0,0,0,0,0,0,0,.000,0,0,0,0,0,0,0,0,.000
629,Brandon Barnes,Rockies,2,3,3,0,0,0,0,0,0,0,.000,0,0,0,0,0,0,0,0,.000
2216,Don Kelly,Marlins,1,1,1,0,0,0,0,0,0,0,.000,0,0,0,0,0,0,0,0,.000
2498,Jemile Weeks,Padres,2,2,2,0,0,0,0,0,0,0,.000,0,0,0,0,0,0,0,0,.000
2917,Emmanuel Burriss,Phillies,1,1,1,0,0,0,0,0,0,0,.000,0,0,0,0,0,1,0,0,.000
3035,Michael Morse,Pirates,1,1,1,0,0,0,0,0,0,0,.000,0,0,0,0,0,0,0,0,.000
3411,Drew Butera,Royals,2,2,2,0,0,0,0,0,0,0,.000,0,0,0,0,0,0,0,0,.000
3448,Jeff Mathis,Marlins,2,2,2,0,0,0,0,0,0,0,.000,0,0,0,0,0,0,0,0,.000
3812,Gregorio Petit,Angels,2,2,2,0,0,0,0,0,0,0,.000,0,0,0,0,0,0,0,0,.000
3978,Chris Heisey,Nationals,5,6,6,0,0,0,0,0,0,0,.000,0,0,0,0,0,0,0,0,.000
4146,Gorkys Hernandez,Giants,2,2,2,0,0,0,0,0,0,0,.000,0,0,0,0,0,0,0,0,.000
4249,Shane Robinson,Angels,2,2,2,0,0,0,0,0,0,0,.000,0,0,0,0,0,0,0,0,.000
4672,Junior Lake,Blue Jays,3,3,3,0,0,0,0,0,0,0,.000,0,0,0,0,0,0,0,0,.000
4866,Jarrod Dyson,Royals,2,4,4,0,0,0,0,0,0,0,.000,0,0,0,0,0,0,0,0,.000
5277,Tuffy Gosewisch,Diamondbacks,1,1,1,0,0,0,0,0,0,0,.000,0,0,0,0,0,0,0,0,.000
5386,Andrew Lambo,Athletics,1,1,1,0,0,0,0,0,0,0,.000,0,0,0,0,0,0,0,0,.000
5519,Ruben Tejada,Cardinals,1,0,1,0,0,0,0,0,0,1,.000,0,0,0,1,0,0,0,0,.000
5524,Madison Bumgarner,Giants,1,1,1,0,0,0,0,0,0,0,.000,0,0,0,0,0,0,0,0,.000
5933,Jean Segura,Diamondbacks,1,1,1,0,0,0,0,0,0,0,.000,0,0,0,0,0,0,0,0,.000
5942,Jesus Sucre,Mariners,1,1,1,0,0,0,0,0,0,0,.000,0,0,0,0,0,0,0,0,.000
6013,Cristhian Adames,Rockies,5,5,5,0,0,0,0,0,0,0,.000,0,0,0,0,0,0,0,0,.000
6265,Andre Ethier,Dodgers,1,2,2,0,0,0,0,0,0,0,.000,0,0,0,0,0,1,0,0,.000
6266,Daniel Robertson,Mariners,1,1,1,0,0,0,0,0,0,0,.000,0,0,0,0,0,0,0,0,.000
6962,Ryan Kalish,Cubs,1,1,1,0,0,0,0,0,0,0,.000,0,0,0,0,0,0,0,0,.000
7002,Will Middlebrooks,Brewers,2,3,3,0,0,0,0,0,0,0,.000,0,0,0,0,0,0,0,0,.000
7215,David Lough,Phillies,2,3,3,0,0,0,0,0,0,0,.000,0,0,0,0,0,0,0,0,.000
7250,Collin Cowgill,Indians,1,1,1,0,0,0,0,0,0,0,.000,0,0,0,0,0,0,0,0,.000
7409,Xavier Scruggs,Marlins,2,2,2,0,0,0,0,0,0,0,.000,0,0,0,0,0,0,0,0,.000
7740,Ty Kelly,Mets,2,2,2,0,0,0,0,0,0,0,.000,0,0,0,0,0,0,0,0,.000
7996,Jose Martinez,Cardinals,1,1,1,0,0,0,0,0,0,0,.000,0,0,0,0,0,0,0,0,.000
8145,Eric Fryer,Pirates,1,1,1,0,0,0,0,0,0,0,.000,0,0,0,0,0,0,0,0,.000
8790,Cole Figueroa,Pirates,1,1,1,0,0,0,0,0,0,0,.000,0,0,0,0,0,0,0,0,.000
9323,Patrick Corbin,Diamondbacks,1,1,1,0,0,0,0,0,0,0,.000,0,0,0,0,0,0,0,0,.000
9629,Shawn O'Malley,Mariners,1,1,1,0,0,0,0,0,0,0,.000,0,0,0,0,0,0,0,0,.000
9886,Ivan De Jesus,Reds,1,1,1,0,0,0,0,0,0,0,.000,0,0,0,0,0,0,0,0,.000
10053,Grant Green,Giants,1,2,2,0,0,0,0,0,0,0,.000,0,0,0,0,0,0,0,0,.000
10059,Max Stassi,Astros,1,1,1,0,0,0,0,0,0,0,.000,0,0,0,0,0,0,0,0,.000
10323,Rafael Ortega,Angels,7,10,10,0,0,0,0,0,0,0,.000,0,0,0,0,0,1,0,0,.000
10346,John Ryan Murphy,Twins,3,3,3,0,0,0,0,0,0,0,.000,0,0,0,0,0,0,0,0,.000
10622,Zach Walters,Dodgers,1,1,1,0,0,0,0,0,0,0,.000,0,0,0,0,0,0,0,0,.000
10711,Arismendy Alcantara,Athletics,3,3,3,0,0,0,0,0,0,0,.000,0,0,0,0,0,1,0,0,.000
10822,Todd Cunningham,Angels,2,2,2,0,0,0,0,0,0,0,.000,0,0,0,0,0,0,0,0,.000
11167,Josh Rutledge,Red Sox,1,1,1,0,0,0,0,0,0,0,.000,0,0,0,0,0,0,0,0,.000
11189,Vince Velasquez,Phillies,1,1,1,0,0,0,0,0,0,0,.000,0,0,0,0,0,0,0,0,.000
11204,Stephen Cardullo,Rockies,1,1,1,0,0,0,0,0,0,0,.000,0,0,0,0,0,0,0,0,.000
11241,Mike Freeman,- - -,2,2,2,0,0,0,0,0,0,0,.000,0,0,0,0,0,0,0,0,.000
11251,Andy Wilkins,Brewers,5,5,5,0,0,0,0,0,0,0,.000,0,0,0,0,0,1,0,0,.000
11369,Brett Eibner,- - -,6,8,8,0,0,0,0,0,0,0,.000,0,0,0,0,0,0,0,0,.000
11379,Delino DeShields,Rangers,1,1,1,0,0,0,0,0,0,0,.000,0,0,0,0,0,0,0,0,.000
11391,Tyler Holt,Reds,1,1,1,0,0,0,0,0,0,0,.000,0,0,0,0,0,0,0,0,.000
11445,Mark Canha,Athletics,1,1,1,0,0,0,0,0,0,0,.000,0,0,0,0,0,0,0,0,.000
11446,Rob Segedin,Dodgers,2,2,2,0,0,0,0,0,0,0,.000,0,0,0,0,0,0,0,0,.000
11530,Jose Fernandez,Marlins,1,1,1,0,0,0,0,0,0,0,.000,0,0,0,0,0,0,0,0,.000
11602,Carlos Sanchez,White Sox,1,1,1,0,0,0,0,0,0,0,.000,0,0,0,0,0,0,0,0,.000
11746,Stefen Romero,Mariners,1,1,1,0,0,0,0,0,0,0,.000,0,0,0,0,0,0,0,0,.000
11762,Noah Syndergaard,Mets,2,2,2,0,0,0,0,0,0,0,.000,0,0,0,0,0,0,0,0,.000
11902,Hanser Alberto,Rangers,2,3,3,0,0,0,0,0,0,0,.000,0,0,0,0,0,0,0,0,.000
12160,Ben Gamel,Mariners,3,3,3,0,0,0,0,0,0,0,.000,0,0,0,0,0,0,0,0,.000
12180,Jorge Alfaro,Phillies,1,1,1,0,0,0,0,0,0,0,.000,0,0,0,0,0,0,0,0,.000
12399,Taylor Motter,Rays,1,1,1,0,0,0,0,0,0,0,.000,0,0,0,0,0,0,0,0,.000
12606,Raffy Lopez,Reds,2,2,2,0,0,0,0,0,0,0,.000,0,0,0,0,0,0,0,0,.000
12797,Dalton Pompey,Blue Jays,1,1,1,0,0,0,0,0,0,0,.000,0,0,0,0,0,0,0,0,.000
13051,Chris Colabello,Blue Jays,3,4,4,0,0,0,0,0,0,0,.000,0,0,0,0,0,0,0,0,.000
13075,Nori Aoki,Mariners,3,3,3,0,0,0,0,0,0,0,.000,0,0,0,0,0,0,0,0,.000
13153,Luis Sardinas,Padres,2,2,2,0,0,0,0,0,0,0,.000,0,0,0,0,0,0,0,0,.000
13180,Tyler Goeddel,Phillies,3,4,4,0,0,0,0,0,0,0,.000,0,0,0,0,0,0,0,0,.000
13288,Peter O'Brien,Diamondbacks,4,5,5,0,0,0,0,0,0,0,.000,0,0,0,0,0,1,0,0,.000
13338,Omar Narvaez,White Sox,4,5,5,0,0,0,0,0,0,0,.000,0,0,0,0,0,0,0,0,.000
13593,Jose Peraza,Reds,3,3,3,0,0,0,0,0,0,0,.000,0,0,0,0,0,0,0,0,.000
13809,Micah Johnson,Dodgers,1,1,1,0,0,0,0,0,0,0,.000,0,0,0,0,0,0,0,0,.000
14128,Joey Gallo,Rangers,5,5,5,0,0,0,0,0,0,0,.000,0,0,0,0,0,0,0,0,.000
14130,Dan Vogelbach,Mariners,3,4,4,0,0,0,0,0,0,0,.000,0,0,0,0,0,0,0,0,.000
14320,Wilmer Difo,Nationals,1,1,1,0,0,0,0,0,0,0,.000,0,0,0,0,0,0,0,0,.000
15191,Chad Pinder,Athletics,1,1,1,0,0,0,0,0,0,0,.000,0,0,0,0,0,0,0,0,.000
15450,Daniel Castro,Braves,1,1,1,0,0,0,0,0,0,0,.000,0,0,0,0,0,0,0,0,.000
16478,Kyle Schwarber,Cubs,1,2,2,0,0,0,0,0,0,0,.000,0,0,0,0,0,0,0,0,.000
